"회차","추첨일","본번호1","본번호2","본번호3","본번호4","본번호5","본번호6","공식1등집계","번호합계","최대최소차","홀수 개수","22 이하 번호 개수","여섯 번호 합계","인접 연속번호 쌍","끝자리 종류 개수","소수 개수","번호 구간별 개수","최댓값−최솟값","합계 × 홀수 × 연속쌍","합계 × 홀수 × 저번호"
"720","2016-09-17","1","12","29","34","36","37","14","149","36","3개","2개","120~149","1쌍","6종류","2개","1 · 1 · 1 · 3 · 0","30~39","합계 120~149 / 홀수 3 / 연속쌍 1","합계 120~149 / 홀수 3 / 22이하 2"
"721","2016-09-24","1","28","35","41","43","44","8","192","43","4개","1개","180~255","1쌍","5종류","2개","1 · 0 · 1 · 1 · 3","40~44","합계 180~255 / 홀수 4 / 연속쌍 1","합계 180~255 / 홀수 4 / 22이하 1"
"722","2016-10-01","12","14","21","30","39","43","4","159","31","3개","3개","150~179","0쌍","6종류","1개","0 · 2 · 2 · 1 · 1","30~39","합계 150~179 / 홀수 3 / 연속쌍 0","합계 150~179 / 홀수 3 / 22이하 3"
"723","2016-10-08","20","30","33","35","36","44","8","198","24","2개","1개","180~255","1쌍","5종류","0개","0 · 1 · 1 · 3 · 1","20~29","합계 180~255 / 홀수 2 / 연속쌍 1","합계 180~255 / 홀수 2 / 22이하 1"
"724","2016-10-15","2","8","33","35","37","41","12","156","39","4개","2개","150~179","0쌍","6종류","3개","2 · 0 · 0 · 3 · 1","30~39","합계 150~179 / 홀수 4 / 연속쌍 0","합계 150~179 / 홀수 4 / 22이하 2"
"725","2016-10-22","6","7","19","21","41","43","11","137","37","5개","4개","120~149","1쌍","5종류","4개","2 · 1 · 1 · 0 · 2","30~39","합계 120~149 / 홀수 5 / 연속쌍 1","합계 120~149 / 홀수 5 / 22이하 4"
"726","2016-10-29","1","11","21","23","34","44","14","134","43","4개","3개","120~149","0쌍","3종류","2개","1 · 1 · 2 · 1 · 1","40~44","합계 120~149 / 홀수 4 / 연속쌍 0","합계 120~149 / 홀수 4 / 22이하 3"
"727","2016-11-05","7","8","10","19","21","31","14","96","24","4개","5개","90~119","1쌍","5종류","3개","3 · 1 · 1 · 1 · 0","20~29","합계 90~119 / 홀수 4 / 연속쌍 1","합계 90~119 / 홀수 4 / 22이하 5"
"728","2016-11-12","3","6","10","30","34","37","5","120","34","2개","3개","120~149","0쌍","5종류","2개","3 · 0 · 1 · 2 · 0","30~39","합계 120~149 / 홀수 2 / 연속쌍 0","합계 120~149 / 홀수 2 / 22이하 3"
"729","2016-11-19","11","17","21","26","36","45","4","156","34","4개","3개","150~179","0쌍","4종류","2개","0 · 2 · 2 · 1 · 1","30~39","합계 150~179 / 홀수 4 / 연속쌍 0","합계 150~179 / 홀수 4 / 22이하 3"
"730","2016-11-26","4","10","14","15","18","22","8","83","18","1개","6개","21~89","1쌍","5종류","0개","2 · 3 · 1 · 0 · 0","0~19","합계 21~89 / 홀수 1 / 연속쌍 1","합계 21~89 / 홀수 1 / 22이하 6"
"731","2016-12-03","2","7","13","25","42","45","7","134","43","4개","3개","120~149","0쌍","4종류","3개","2 · 1 · 1 · 0 · 2","40~44","합계 120~149 / 홀수 4 / 연속쌍 0","합계 120~149 / 홀수 4 / 22이하 3"
"732","2016-12-10","2","4","5","17","27","32","7","87","30","3개","4개","21~89","1쌍","4종류","3개","3 · 1 · 1 · 1 · 0","30~39","합계 21~89 / 홀수 3 / 연속쌍 1","합계 21~89 / 홀수 3 / 22이하 4"
"733","2016-12-17","11","24","32","33","35","40","4","175","29","3개","1개","150~179","1쌍","6종류","1개","0 · 1 · 1 · 4 · 0","20~29","합계 150~179 / 홀수 3 / 연속쌍 1","합계 150~179 / 홀수 3 / 22이하 1"
"734","2016-12-24","6","16","37","38","41","45","9","183","39","3개","2개","180~255","1쌍","5종류","2개","1 · 1 · 0 · 2 · 2","30~39","합계 180~255 / 홀수 3 / 연속쌍 1","합계 180~255 / 홀수 3 / 22이하 2"
"735","2016-12-31","5","10","13","27","37","41","10","133","36","5개","3개","120~149","0쌍","5종류","4개","2 · 1 · 1 · 1 · 1","30~39","합계 120~149 / 홀수 5 / 연속쌍 0","합계 120~149 / 홀수 5 / 22이하 3"
"736","2017-01-07","2","11","17","18","21","27","5","96","25","4개","5개","90~119","1쌍","4종류","3개","1 · 3 · 2 · 0 · 0","20~29","합계 90~119 / 홀수 4 / 연속쌍 1","합계 90~119 / 홀수 4 / 22이하 5"
"737","2017-01-14","13","15","18","24","27","41","4","138","28","4개","3개","120~149","0쌍","6종류","2개","0 · 3 · 2 · 0 · 1","20~29","합계 120~149 / 홀수 4 / 연속쌍 0","합계 120~149 / 홀수 4 / 22이하 3"
"738","2017-01-21","23","27","28","38","42","43","11","201","20","3개","0개","180~255","2쌍","4종류","2개","0 · 0 · 3 · 1 · 2","20~29","합계 180~255 / 홀수 3 / 연속쌍 2","합계 180~255 / 홀수 3 / 22이하 0"
"739","2017-01-28","7","22","29","33","34","35","4","160","28","4개","2개","150~179","2쌍","6종류","2개","1 · 0 · 2 · 3 · 0","20~29","합계 150~179 / 홀수 4 / 연속쌍 2","합계 150~179 / 홀수 4 / 22이하 2"
"740","2017-02-04","4","8","9","16","17","19","18","73","15","3개","6개","21~89","2쌍","5종류","2개","3 · 3 · 0 · 0 · 0","0~19","합계 21~89 / 홀수 3 / 연속쌍 2","합계 21~89 / 홀수 3 / 22이하 6"
"741","2017-02-11","5","21","27","34","44","45","6","176","40","4개","2개","150~179","1쌍","4종류","1개","1 · 0 · 2 · 1 · 2","40~44","합계 150~179 / 홀수 4 / 연속쌍 1","합계 150~179 / 홀수 4 / 22이하 2"
"742","2017-02-18","8","10","13","36","37","40","16","144","32","2개","3개","120~149","1쌍","5종류","2개","2 · 1 · 0 · 3 · 0","30~39","합계 120~149 / 홀수 2 / 연속쌍 1","합계 120~149 / 홀수 2 / 22이하 3"
"743","2017-02-25","15","19","21","34","41","44","7","174","29","4개","3개","150~179","0쌍","4종류","2개","0 · 2 · 1 · 1 · 2","20~29","합계 150~179 / 홀수 4 / 연속쌍 0","합계 150~179 / 홀수 4 / 22이하 3"
"744","2017-03-04","10","15","18","21","34","41","15","139","31","3개","4개","120~149","0쌍","5종류","1개","1 · 2 · 1 · 1 · 1","30~39","합계 120~149 / 홀수 3 / 연속쌍 0","합계 120~149 / 홀수 3 / 22이하 4"
"745","2017-03-11","1","2","3","9","12","23","20","50","22","4개","5개","21~89","2쌍","4종류","3개","4 · 1 · 1 · 0 · 0","20~29","합계 21~89 / 홀수 4 / 연속쌍 2","합계 21~89 / 홀수 4 / 22이하 5"
"746","2017-03-18","3","12","33","36","42","45","9","171","42","3개","2개","150~179","0쌍","4종류","1개","1 · 1 · 0 · 2 · 2","40~44","합계 150~179 / 홀수 3 / 연속쌍 0","합계 150~179 / 홀수 3 / 22이하 2"
"747","2017-03-25","7","9","12","14","23","28","9","93","21","3개","4개","90~119","0쌍","6종류","2개","2 · 2 · 2 · 0 · 0","20~29","합계 90~119 / 홀수 3 / 연속쌍 0","합계 90~119 / 홀수 3 / 22이하 4"
"748","2017-04-01","3","10","13","22","31","32","9","111","29","3개","4개","90~119","1쌍","4종류","3개","2 · 1 · 1 · 2 · 0","20~29","합계 90~119 / 홀수 3 / 연속쌍 1","합계 90~119 / 홀수 3 / 22이하 4"
"749","2017-04-08","12","14","24","26","34","45","13","155","33","1개","2개","150~179","0쌍","4종류","0개","0 · 2 · 2 · 1 · 1","30~39","합계 150~179 / 홀수 1 / 연속쌍 0","합계 150~179 / 홀수 1 / 22이하 2"
"750","2017-04-15","1","2","15","19","24","36","7","97","35","3개","4개","90~119","1쌍","6종류","2개","2 · 2 · 1 · 1 · 0","30~39","합계 90~119 / 홀수 3 / 연속쌍 1","합계 90~119 / 홀수 3 / 22이하 4"
"751","2017-04-22","3","4","16","20","28","44","8","115","41","1개","4개","90~119","1쌍","5종류","1개","2 · 2 · 1 · 0 · 1","40~44","합계 90~119 / 홀수 1 / 연속쌍 1","합계 90~119 / 홀수 1 / 22이하 4"
"752","2017-04-29","4","16","20","33","40","43","9","156","39","2개","3개","150~179","0쌍","4종류","1개","1 · 2 · 0 · 2 · 1","30~39","합계 150~179 / 홀수 2 / 연속쌍 0","합계 150~179 / 홀수 2 / 22이하 3"
"753","2017-05-06","2","17","19","24","37","41","6","140","39","4개","3개","120~149","0쌍","5종류","5개","1 · 2 · 1 · 1 · 1","30~39","합계 120~149 / 홀수 4 / 연속쌍 0","합계 120~149 / 홀수 4 / 22이하 3"
"754","2017-05-13","2","8","17","24","29","31","5","111","29","3개","3개","90~119","0쌍","6종류","4개","2 · 1 · 2 · 1 · 0","20~29","합계 90~119 / 홀수 3 / 연속쌍 0","합계 90~119 / 홀수 3 / 22이하 3"
"755","2017-05-20","13","14","26","28","30","36","8","147","23","1개","2개","120~149","1쌍","5종류","1개","0 · 2 · 3 · 1 · 0","20~29","합계 120~149 / 홀수 1 / 연속쌍 1","합계 120~149 / 홀수 1 / 22이하 2"
"756","2017-05-27","10","14","16","18","27","28","5","113","18","1개","4개","90~119","1쌍","5종류","0개","1 · 3 · 2 · 0 · 0","0~19","합계 90~119 / 홀수 1 / 연속쌍 1","합계 90~119 / 홀수 1 / 22이하 4"
"757","2017-06-03","6","7","11","17","33","44","21","118","38","4개","4개","90~119","1쌍","5종류","3개","2 · 2 · 0 · 1 · 1","30~39","합계 90~119 / 홀수 4 / 연속쌍 1","합계 90~119 / 홀수 4 / 22이하 4"
"758","2017-06-10","5","9","12","30","39","43","8","138","38","4개","3개","120~149","0쌍","5종류","2개","2 · 1 · 1 · 1 · 1","30~39","합계 120~149 / 홀수 4 / 연속쌍 0","합계 120~149 / 홀수 4 / 22이하 3"
"759","2017-06-17","9","33","36","40","42","43","6","203","34","3개","1개","180~255","1쌍","5종류","1개","1 · 0 · 0 · 3 · 2","30~39","합계 180~255 / 홀수 3 / 연속쌍 1","합계 180~255 / 홀수 3 / 22이하 1"
"760","2017-06-24","10","22","27","31","42","43","8","175","33","3개","2개","150~179","1쌍","5종류","2개","1 · 0 · 2 · 1 · 2","30~39","합계 150~179 / 홀수 3 / 연속쌍 1","합계 150~179 / 홀수 3 / 22이하 2"
"761","2017-07-01","4","7","11","24","42","45","7","133","41","3개","3개","120~149","0쌍","5종류","2개","2 · 1 · 1 · 0 · 2","40~44","합계 120~149 / 홀수 3 / 연속쌍 0","합계 120~149 / 홀수 3 / 22이하 3"
"762","2017-07-08","1","3","12","21","26","41","10","104","40","4개","4개","90~119","0쌍","4종류","2개","2 · 1 · 2 · 0 · 1","40~44","합계 90~119 / 홀수 4 / 연속쌍 0","합계 90~119 / 홀수 4 / 22이하 4"
"763","2017-07-15","3","8","16","32","34","43","8","136","40","2개","3개","120~149","0쌍","5종류","2개","2 · 1 · 0 · 2 · 1","40~44","합계 120~149 / 홀수 2 / 연속쌍 0","합계 120~149 / 홀수 2 / 22이하 3"
"764","2017-07-22","7","22","24","31","34","36","7","154","29","2개","2개","150~179","0쌍","5종류","2개","1 · 0 · 2 · 3 · 0","20~29","합계 150~179 / 홀수 2 / 연속쌍 0","합계 150~179 / 홀수 2 / 22이하 2"
"765","2017-07-29","1","3","8","12","42","43","15","109","42","3개","4개","90~119","1쌍","4종류","2개","3 · 1 · 0 · 0 · 2","40~44","합계 90~119 / 홀수 3 / 연속쌍 1","합계 90~119 / 홀수 3 / 22이하 4"
"766","2017-08-05","9","30","34","35","39","41","8","188","32","4개","1개","180~255","1쌍","5종류","1개","1 · 0 · 1 · 3 · 1","30~39","합계 180~255 / 홀수 4 / 연속쌍 1","합계 180~255 / 홀수 4 / 22이하 1"
"767","2017-08-12","5","15","20","31","34","42","15","147","37","3개","3개","120~149","0쌍","5종류","2개","1 · 2 · 0 · 2 · 1","30~39","합계 120~149 / 홀수 3 / 연속쌍 0","합계 120~149 / 홀수 3 / 22이하 3"
"768","2017-08-19","7","27","29","30","38","44","13","175","37","3개","1개","150~179","1쌍","5종류","2개","1 · 0 · 3 · 1 · 1","30~39","합계 150~179 / 홀수 3 / 연속쌍 1","합계 150~179 / 홀수 3 / 22이하 1"
"769","2017-08-26","5","7","11","16","41","45","9","125","40","5개","4개","120~149","0쌍","4종류","4개","2 · 2 · 0 · 0 · 2","40~44","합계 120~149 / 홀수 5 / 연속쌍 0","합계 120~149 / 홀수 5 / 22이하 4"
"770","2017-09-02","1","9","12","23","39","43","8","127","42","5개","3개","120~149","0쌍","4종류","2개","2 · 1 · 1 · 1 · 1","40~44","합계 120~149 / 홀수 5 / 연속쌍 0","합계 120~149 / 홀수 5 / 22이하 3"
"771","2017-09-09","6","10","17","18","21","29","4","101","23","3개","5개","90~119","1쌍","6종류","2개","2 · 2 · 2 · 0 · 0","20~29","합계 90~119 / 홀수 3 / 연속쌍 1","합계 90~119 / 홀수 3 / 22이하 5"
"772","2017-09-16","5","6","11","14","21","41","10","98","36","4개","5개","90~119","1쌍","4종류","3개","2 · 2 · 1 · 0 · 1","30~39","합계 90~119 / 홀수 4 / 연속쌍 1","합계 90~119 / 홀수 4 / 22이하 5"
"773","2017-09-23","8","12","19","21","31","35","11","126","27","4개","4개","120~149","0쌍","5종류","2개","1 · 2 · 1 · 2 · 0","20~29","합계 120~149 / 홀수 4 / 연속쌍 0","합계 120~149 / 홀수 4 / 22이하 4"
"774","2017-09-30","12","15","18","28","34","42","11","149","30","1개","3개","120~149","0쌍","4종류","0개","0 · 3 · 1 · 1 · 1","30~39","합계 120~149 / 홀수 1 / 연속쌍 0","합계 120~149 / 홀수 1 / 22이하 3"
"775","2017-10-07","11","12","29","33","38","42","5","165","31","3개","2개","150~179","1쌍","5종류","2개","0 · 2 · 1 · 2 · 1","30~39","합계 150~179 / 홀수 3 / 연속쌍 1","합계 150~179 / 홀수 3 / 22이하 2"
"776","2017-10-14","8","9","18","21","28","40","7","124","32","2개","4개","120~149","1쌍","4종류","0개","2 · 1 · 2 · 1 · 0","30~39","합계 120~149 / 홀수 2 / 연속쌍 1","합계 120~149 / 홀수 2 / 22이하 4"
"777","2017-10-21","6","12","17","21","34","37","21","127","31","3개","4개","120~149","0쌍","5종류","2개","1 · 2 · 1 · 2 · 0","30~39","합계 120~149 / 홀수 3 / 연속쌍 0","합계 120~149 / 홀수 3 / 22이하 4"
"778","2017-10-28","6","21","35","36","37","41","3","176","35","4개","2개","150~179","2쌍","4종류","2개","1 · 0 · 1 · 3 · 1","30~39","합계 150~179 / 홀수 4 / 연속쌍 2","합계 150~179 / 홀수 4 / 22이하 2"
"779","2017-11-04","6","12","19","24","34","41","11","136","35","2개","3개","120~149","0쌍","5종류","2개","1 · 2 · 1 · 1 · 1","30~39","합계 120~149 / 홀수 2 / 연속쌍 0","합계 120~149 / 홀수 2 / 22이하 3"
"780","2017-11-11","15","17","19","21","27","45","11","144","30","6개","4개","120~149","0쌍","4종류","2개","0 · 3 · 2 · 0 · 1","30~39","합계 120~149 / 홀수 6 / 연속쌍 0","합계 120~149 / 홀수 6 / 22이하 4"
"781","2017-11-18","11","16","18","19","24","39","9","127","28","3개","4개","120~149","1쌍","5종류","2개","0 · 4 · 1 · 1 · 0","20~29","합계 120~149 / 홀수 3 / 연속쌍 1","합계 120~149 / 홀수 3 / 22이하 4"
"782","2017-11-25","6","18","31","34","38","45","9","172","39","2개","2개","150~179","0쌍","5종류","1개","1 · 1 · 0 · 3 · 1","30~39","합계 150~179 / 홀수 2 / 연속쌍 0","합계 150~179 / 홀수 2 / 22이하 2"
"783","2017-12-02","14","15","16","17","38","45","4","145","31","3개","4개","120~149","3쌍","5종류","1개","0 · 4 · 0 · 1 · 1","30~39","합계 120~149 / 홀수 3 / 연속쌍 3","합계 120~149 / 홀수 3 / 22이하 4"
"784","2017-12-09","3","10","23","24","31","39","9","130","36","4개","2개","120~149","1쌍","5종류","3개","2 · 0 · 2 · 2 · 0","30~39","합계 120~149 / 홀수 4 / 연속쌍 1","합계 120~149 / 홀수 4 / 22이하 2"
"785","2017-12-16","4","6","15","25","26","33","6","109","29","3개","3개","90~119","1쌍","4종류","0개","2 · 1 · 2 · 1 · 0","20~29","합계 90~119 / 홀수 3 / 연속쌍 1","합계 90~119 / 홀수 3 / 22이하 3"
"786","2017-12-23","12","15","16","20","24","30","4","117","18","1개","4개","90~119","1쌍","5종류","0개","0 · 4 · 2 · 0 · 0","0~19","합계 90~119 / 홀수 1 / 연속쌍 1","합계 90~119 / 홀수 1 / 22이하 4"
"787","2017-12-30","5","6","13","16","27","28","6","95","23","3개","4개","90~119","2쌍","5종류","2개","2 · 2 · 2 · 0 · 0","20~29","합계 90~119 / 홀수 3 / 연속쌍 2","합계 90~119 / 홀수 3 / 22이하 4"
"788","2018-01-06","2","10","11","19","35","39","13","116","37","4개","4개","90~119","1쌍","5종류","3개","2 · 2 · 0 · 2 · 0","30~39","합계 90~119 / 홀수 4 / 연속쌍 1","합계 90~119 / 홀수 4 / 22이하 4"
"789","2018-01-13","2","6","7","12","19","45","15","91","43","3개","5개","90~119","1쌍","5종류","3개","3 · 2 · 0 · 0 · 1","40~44","합계 90~119 / 홀수 3 / 연속쌍 1","합계 90~119 / 홀수 3 / 22이하 5"
"790","2018-01-20","3","8","19","27","30","41","16","128","38","4개","3개","120~149","0쌍","6종류","3개","2 · 1 · 2 · 0 · 1","30~39","합계 120~149 / 홀수 4 / 연속쌍 0","합계 120~149 / 홀수 4 / 22이하 3"
"791","2018-01-27","2","10","12","31","33","42","14","130","40","2개","3개","120~149","0쌍","4종류","2개","2 · 1 · 0 · 2 · 1","40~44","합계 120~149 / 홀수 2 / 연속쌍 0","합계 120~149 / 홀수 2 / 22이하 3"
"792","2018-02-03","2","7","19","25","29","36","7","118","34","4개","3개","90~119","0쌍","5종류","4개","2 · 1 · 2 · 1 · 0","30~39","합계 90~119 / 홀수 4 / 연속쌍 0","합계 90~119 / 홀수 4 / 22이하 3"
"793","2018-02-10","10","15","21","35","38","43","5","162","33","4개","3개","150~179","0쌍","5종류","1개","1 · 1 · 1 · 2 · 1","30~39","합계 150~179 / 홀수 4 / 연속쌍 0","합계 150~179 / 홀수 4 / 22이하 3"
"794","2018-02-17","6","7","18","19","30","38","7","118","32","2개","4개","90~119","2쌍","5종류","2개","2 · 2 · 1 · 1 · 0","30~39","합계 90~119 / 홀수 2 / 연속쌍 2","합계 90~119 / 홀수 2 / 22이하 4"
"795","2018-02-24","3","10","13","26","34","38","11","124","35","2개","3개","120~149","0쌍","5종류","2개","2 · 1 · 1 · 2 · 0","30~39","합계 120~149 / 홀수 2 / 연속쌍 0","합계 120~149 / 홀수 2 / 22이하 3"
"796","2018-03-03","1","21","26","36","40","41","7","165","40","3개","2개","150~179","1쌍","3종류","1개","1 · 0 · 2 · 2 · 1","40~44","합계 150~179 / 홀수 3 / 연속쌍 1","합계 150~179 / 홀수 3 / 22이하 2"
"797","2018-03-10","5","22","31","32","39","45","8","174","40","4개","2개","150~179","1쌍","4종류","2개","1 · 0 · 1 · 3 · 1","40~44","합계 150~179 / 홀수 4 / 연속쌍 1","합계 150~179 / 홀수 4 / 22이하 2"
"798","2018-03-17","2","10","14","22","32","36","7","116","34","0개","4개","90~119","0쌍","4종류","1개","2 · 1 · 1 · 2 · 0","30~39","합계 90~119 / 홀수 0 / 연속쌍 0","합계 90~119 / 홀수 0 / 22이하 4"
"799","2018-03-24","12","17","23","34","42","45","10","173","33","3개","2개","150~179","0쌍","5종류","2개","0 · 2 · 1 · 1 · 2","30~39","합계 150~179 / 홀수 3 / 연속쌍 0","합계 150~179 / 홀수 3 / 22이하 2"
"800","2018-03-31","1","4","10","12","28","45","11","100","44","2개","4개","90~119","0쌍","6종류","0개","3 · 1 · 1 · 0 · 1","40~44","합계 90~119 / 홀수 2 / 연속쌍 0","합계 90~119 / 홀수 2 / 22이하 4"
"801","2018-04-07","17","25","28","37","43","44","8","194","27","4개","1개","180~255","1쌍","5종류","3개","0 · 1 · 2 · 1 · 2","20~29","합계 180~255 / 홀수 4 / 연속쌍 1","합계 180~255 / 홀수 4 / 22이하 1"
"802","2018-04-14","10","11","12","18","24","42","16","117","32","1개","4개","90~119","2쌍","5종류","1개","1 · 3 · 1 · 0 · 1","30~39","합계 90~119 / 홀수 1 / 연속쌍 2","합계 90~119 / 홀수 1 / 22이하 4"
"803","2018-04-21","5","9","14","26","30","43","5","127","38","3개","3개","120~149","0쌍","6종류","2개","2 · 1 · 2 · 0 · 1","30~39","합계 120~149 / 홀수 3 / 연속쌍 0","합계 120~149 / 홀수 3 / 22이하 3"
"804","2018-04-28","1","10","13","26","32","36","11","118","35","2개","3개","90~119","0쌍","5종류","1개","2 · 1 · 1 · 2 · 0","30~39","합계 90~119 / 홀수 2 / 연속쌍 0","합계 90~119 / 홀수 2 / 22이하 3"
"805","2018-05-05","3","12","13","18","31","32","4","109","29","3개","4개","90~119","2쌍","4종류","3개","1 · 3 · 0 · 2 · 0","20~29","합계 90~119 / 홀수 3 / 연속쌍 2","합계 90~119 / 홀수 3 / 22이하 4"
"806","2018-05-12","14","20","23","31","37","38","7","163","24","3개","2개","150~179","1쌍","6종류","3개","0 · 2 · 1 · 3 · 0","20~29","합계 150~179 / 홀수 3 / 연속쌍 1","합계 150~179 / 홀수 3 / 22이하 2"
"807","2018-05-19","6","10","18","25","34","35","7","128","29","2개","3개","120~149","1쌍","5종류","0개","2 · 1 · 1 · 2 · 0","20~29","합계 120~149 / 홀수 2 / 연속쌍 1","합계 120~149 / 홀수 2 / 22이하 3"
"808","2018-05-26","15","21","31","32","41","43","6","183","28","5개","2개","180~255","1쌍","4종류","3개","0 · 1 · 1 · 2 · 2","20~29","합계 180~255 / 홀수 5 / 연속쌍 1","합계 180~255 / 홀수 5 / 22이하 2"
"809","2018-06-02","6","11","15","17","23","40","6","112","34","4개","4개","90~119","0쌍","6종류","3개","1 · 3 · 1 · 1 · 0","30~39","합계 90~119 / 홀수 4 / 연속쌍 0","합계 90~119 / 홀수 4 / 22이하 4"
"810","2018-06-09","5","10","13","21","39","43","8","131","38","5개","4개","120~149","0쌍","5종류","3개","2 · 1 · 1 · 1 · 1","30~39","합계 120~149 / 홀수 5 / 연속쌍 0","합계 120~149 / 홀수 5 / 22이하 4"
"811","2018-06-16","8","11","19","21","36","45","7","140","37","4개","4개","120~149","0쌍","5종류","2개","1 · 2 · 1 · 1 · 1","30~39","합계 120~149 / 홀수 4 / 연속쌍 0","합계 120~149 / 홀수 4 / 22이하 4"
"812","2018-06-23","1","3","12","14","16","43","6","89","42","3개","5개","21~89","0쌍","5종류","2개","2 · 3 · 0 · 0 · 1","40~44","합계 21~89 / 홀수 3 / 연속쌍 0","합계 21~89 / 홀수 3 / 22이하 5"
"813","2018-06-30","11","30","34","35","42","44","4","196","33","2개","1개","180~255","1쌍","5종류","1개","0 · 1 · 1 · 2 · 2","30~39","합계 180~255 / 홀수 2 / 연속쌍 1","합계 180~255 / 홀수 2 / 22이하 1"
"814","2018-07-07","2","21","28","38","42","45","6","176","43","2개","2개","150~179","0쌍","4종류","1개","1 · 0 · 2 · 1 · 2","40~44","합계 150~179 / 홀수 2 / 연속쌍 0","합계 150~179 / 홀수 2 / 22이하 2"
"815","2018-07-14","17","21","25","26","27","36","7","152","19","4개","2개","150~179","2쌍","4종류","1개","0 · 1 · 4 · 1 · 0","0~19","합계 150~179 / 홀수 4 / 연속쌍 2","합계 150~179 / 홀수 4 / 22이하 2"
"816","2018-07-21","12","18","19","29","31","39","8","148","27","4개","3개","120~149","1쌍","4종류","3개","0 · 3 · 1 · 2 · 0","20~29","합계 120~149 / 홀수 4 / 연속쌍 1","합계 120~149 / 홀수 4 / 22이하 3"
"817","2018-07-28","3","9","12","13","25","43","9","105","40","5개","4개","90~119","1쌍","4종류","3개","2 · 2 · 1 · 0 · 1","40~44","합계 90~119 / 홀수 5 / 연속쌍 1","합계 90~119 / 홀수 5 / 22이하 4"
"818","2018-08-04","14","15","25","28","29","30","13","141","16","3개","2개","120~149","3쌍","5종류","1개","0 · 2 · 4 · 0 · 0","0~19","합계 120~149 / 홀수 3 / 연속쌍 3","합계 120~149 / 홀수 3 / 22이하 2"
"819","2018-08-11","16","25","33","38","40","45","7","197","29","3개","1개","180~255","0쌍","5종류","0개","0 · 1 · 1 · 3 · 1","20~29","합계 180~255 / 홀수 3 / 연속쌍 0","합계 180~255 / 홀수 3 / 22이하 1"
"820","2018-08-18","10","21","22","30","35","42","4","160","32","2개","3개","150~179","1쌍","4종류","0개","1 · 0 · 3 · 1 · 1","30~39","합계 150~179 / 홀수 2 / 연속쌍 1","합계 150~179 / 홀수 2 / 22이하 3"
"821","2018-08-25","1","12","13","24","29","44","14","123","43","3개","3개","120~149","1쌍","5종류","2개","1 · 2 · 2 · 0 · 1","40~44","합계 120~149 / 홀수 3 / 연속쌍 1","합계 120~149 / 홀수 3 / 22이하 3"
"822","2018-09-01","9","18","20","24","27","36","3","134","27","2개","3개","120~149","0쌍","6종류","0개","1 · 2 · 2 · 1 · 0","20~29","합계 120~149 / 홀수 2 / 연속쌍 0","합계 120~149 / 홀수 2 / 22이하 3"
"823","2018-09-08","12","18","24","26","39","40","9","159","28","1개","2개","150~179","1쌍","6종류","0개","0 · 2 · 2 · 2 · 0","20~29","합계 150~179 / 홀수 1 / 연속쌍 1","합계 150~179 / 홀수 1 / 22이하 2"
"824","2018-09-15","7","9","24","29","34","38","15","141","31","3개","2개","120~149","0쌍","4종류","2개","2 · 0 · 2 · 2 · 0","30~39","합계 120~149 / 홀수 3 / 연속쌍 0","합계 120~149 / 홀수 3 / 22이하 2"
"825","2018-09-22","8","15","21","31","33","38","12","146","30","4개","3개","120~149","0쌍","4종류","1개","1 · 1 · 1 · 3 · 0","30~39","합계 120~149 / 홀수 4 / 연속쌍 0","합계 120~149 / 홀수 4 / 22이하 3"
"826","2018-09-29","13","16","24","25","33","36","9","147","23","3개","2개","120~149","1쌍","4종류","1개","0 · 2 · 2 · 2 · 0","20~29","합계 120~149 / 홀수 3 / 연속쌍 1","합계 120~149 / 홀수 3 / 22이하 2"
"827","2018-10-06","5","11","12","29","33","44","15","134","39","4개","3개","120~149","1쌍","6종류","3개","1 · 2 · 1 · 1 · 1","30~39","합계 120~149 / 홀수 4 / 연속쌍 1","합계 120~149 / 홀수 4 / 22이하 3"
"828","2018-10-13","4","7","13","29","31","39","13","123","35","5개","3개","120~149","0쌍","5종류","4개","2 · 1 · 1 · 2 · 0","30~39","합계 120~149 / 홀수 5 / 연속쌍 0","합계 120~149 / 홀수 5 / 22이하 3"
"829","2018-10-20","4","5","31","35","43","45","8","163","41","5개","2개","150~179","1쌍","4종류","3개","2 · 0 · 0 · 2 · 2","40~44","합계 150~179 / 홀수 5 / 연속쌍 1","합계 150~179 / 홀수 5 / 22이하 2"
"830","2018-10-27","5","6","16","18","37","38","9","120","33","2개","4개","120~149","2쌍","4종류","2개","2 · 2 · 0 · 2 · 0","30~39","합계 120~149 / 홀수 2 / 연속쌍 2","합계 120~149 / 홀수 2 / 22이하 4"
"831","2018-11-03","3","10","16","19","31","39","16","118","36","4개","4개","90~119","0쌍","5종류","3개","2 · 2 · 0 · 2 · 0","30~39","합계 90~119 / 홀수 4 / 연속쌍 0","합계 90~119 / 홀수 4 / 22이하 4"
"832","2018-11-10","13","14","19","26","40","43","9","155","30","3개","3개","150~179","1쌍","5종류","3개","0 · 3 · 1 · 1 · 1","30~39","합계 150~179 / 홀수 3 / 연속쌍 1","합계 150~179 / 홀수 3 / 22이하 3"
"833","2018-11-17","12","18","30","39","41","42","8","182","30","2개","2개","180~255","1쌍","5종류","1개","0 · 2 · 1 · 1 · 2","30~39","합계 180~255 / 홀수 2 / 연속쌍 1","합계 180~255 / 홀수 2 / 22이하 2"
"834","2018-11-24","6","8","18","35","42","43","11","152","37","2개","3개","150~179","1쌍","5종류","1개","2 · 1 · 0 · 1 · 2","30~39","합계 150~179 / 홀수 2 / 연속쌍 1","합계 150~179 / 홀수 2 / 22이하 3"
"835","2018-12-01","9","10","13","28","38","45","15","143","36","3개","3개","120~149","1쌍","5종류","1개","2 · 1 · 1 · 1 · 1","30~39","합계 120~149 / 홀수 3 / 연속쌍 1","합계 120~149 / 홀수 3 / 22이하 3"
"836","2018-12-08","1","9","11","14","26","28","14","89","27","3개","4개","21~89","0쌍","5종류","1개","2 · 2 · 2 · 0 · 0","20~29","합계 21~89 / 홀수 3 / 연속쌍 0","합계 21~89 / 홀수 3 / 22이하 4"
"837","2018-12-15","2","25","28","30","33","45","6","163","43","3개","1개","150~179","0쌍","5종류","1개","1 · 0 · 3 · 1 · 1","40~44","합계 150~179 / 홀수 3 / 연속쌍 0","합계 150~179 / 홀수 3 / 22이하 1"
"838","2018-12-22","9","14","17","33","36","38","5","147","29","3개","3개","120~149","0쌍","6종류","1개","1 · 2 · 0 · 3 · 0","20~29","합계 120~149 / 홀수 3 / 연속쌍 0","합계 120~149 / 홀수 3 / 22이하 3"
"839","2018-12-29","3","9","11","12","13","19","13","67","16","5개","6개","21~89","2쌍","4종류","4개","2 · 4 · 0 · 0 · 0","0~19","합계 21~89 / 홀수 5 / 연속쌍 2","합계 21~89 / 홀수 5 / 22이하 6"
"840","2019-01-05","2","4","11","28","29","43","10","117","41","3개","3개","90~119","1쌍","6종류","4개","2 · 1 · 2 · 0 · 1","40~44","합계 90~119 / 홀수 3 / 연속쌍 1","합계 90~119 / 홀수 3 / 22이하 3"
"841","2019-01-12","5","11","14","30","33","38","17","131","33","3개","3개","120~149","0쌍","6종류","2개","1 · 2 · 1 · 2 · 0","30~39","합계 120~149 / 홀수 3 / 연속쌍 0","합계 120~149 / 홀수 3 / 22이하 3"
"842","2019-01-19","14","26","32","36","39","42","10","189","28","1개","1개","180~255","0쌍","4종류","0개","0 · 1 · 1 · 3 · 1","20~29","합계 180~255 / 홀수 1 / 연속쌍 0","합계 180~255 / 홀수 1 / 22이하 1"
"843","2019-01-26","19","21","30","33","34","42","5","179","23","3개","2개","150~179","1쌍","6종류","1개","0 · 1 · 2 · 2 · 1","20~29","합계 150~179 / 홀수 3 / 연속쌍 1","합계 150~179 / 홀수 3 / 22이하 2"
"844","2019-02-02","7","8","13","15","33","45","18","121","38","5개","4개","120~149","1쌍","4종류","2개","2 · 2 · 0 · 1 · 1","30~39","합계 120~149 / 홀수 5 / 연속쌍 1","합계 120~149 / 홀수 5 / 22이하 4"
"845","2019-02-09","1","16","29","33","40","45","11","164","44","4개","2개","150~179","0쌍","6종류","1개","1 · 1 · 1 · 2 · 1","40~44","합계 150~179 / 홀수 4 / 연속쌍 0","합계 150~179 / 홀수 4 / 22이하 2"
"846","2019-02-16","5","18","30","41","43","45","13","182","40","4개","2개","180~255","0쌍","5종류","3개","1 · 1 · 1 · 0 · 3","40~44","합계 180~255 / 홀수 4 / 연속쌍 0","합계 180~255 / 홀수 4 / 22이하 2"
"847","2019-02-23","12","16","26","28","30","42","8","154","30","0개","2개","150~179","0쌍","4종류","0개","0 · 2 · 3 · 0 · 1","30~39","합계 150~179 / 홀수 0 / 연속쌍 0","합계 150~179 / 홀수 0 / 22이하 2"
"848","2019-03-02","1","2","16","22","38","39","7","118","38","2개","4개","90~119","2쌍","5종류","1개","2 · 1 · 1 · 2 · 0","30~39","합계 90~119 / 홀수 2 / 연속쌍 2","합계 90~119 / 홀수 2 / 22이하 4"
"849","2019-03-09","5","13","17","29","34","39","17","137","34","5개","3개","120~149","0쌍","5종류","4개","1 · 2 · 1 · 2 · 0","30~39","합계 120~149 / 홀수 5 / 연속쌍 0","합계 120~149 / 홀수 5 / 22이하 3"
"850","2019-03-16","16","20","24","28","36","39","6","163","23","1개","2개","150~179","0쌍","5종류","0개","0 · 2 · 2 · 2 · 0","20~29","합계 150~179 / 홀수 1 / 연속쌍 0","합계 150~179 / 홀수 1 / 22이하 2"
"851","2019-03-23","14","18","22","26","31","44","8","155","30","1개","3개","150~179","0쌍","5종류","1개","0 · 2 · 2 · 1 · 1","30~39","합계 150~179 / 홀수 1 / 연속쌍 0","합계 150~179 / 홀수 1 / 22이하 3"
"852","2019-03-30","11","17","28","30","33","35","4","154","24","4개","2개","150~179","0쌍","6종류","2개","0 · 2 · 2 · 2 · 0","20~29","합계 150~179 / 홀수 4 / 연속쌍 0","합계 150~179 / 홀수 4 / 22이하 2"
"853","2019-04-06","2","8","23","26","27","44","7","130","42","2개","2개","120~149","1쌍","6종류","2개","2 · 0 · 3 · 0 · 1","40~44","합계 120~149 / 홀수 2 / 연속쌍 1","합계 120~149 / 홀수 2 / 22이하 2"
"854","2019-04-13","20","25","31","32","36","43","6","187","23","3개","1개","180~255","1쌍","6종류","2개","0 · 1 · 1 · 3 · 1","20~29","합계 180~255 / 홀수 3 / 연속쌍 1","합계 180~255 / 홀수 3 / 22이하 1"
"855","2019-04-20","8","15","17","19","43","44","9","146","36","4개","4개","120~149","1쌍","6종류","3개","1 · 3 · 0 · 0 · 2","30~39","합계 120~149 / 홀수 4 / 연속쌍 1","합계 120~149 / 홀수 4 / 22이하 4"
"856","2019-04-27","10","24","40","41","43","44","5","202","34","2개","1개","180~255","2쌍","4종류","2개","1 · 0 · 1 · 1 · 3","30~39","합계 180~255 / 홀수 2 / 연속쌍 2","합계 180~255 / 홀수 2 / 22이하 1"
"857","2019-05-04","6","10","16","28","34","38","15","132","32","0개","3개","120~149","0쌍","4종류","0개","2 · 1 · 1 · 2 · 0","30~39","합계 120~149 / 홀수 0 / 연속쌍 0","합계 120~149 / 홀수 0 / 22이하 3"
"858","2019-05-11","9","13","32","38","39","43","9","174","34","4개","2개","150~179","1쌍","4종류","2개","1 · 1 · 0 · 3 · 1","30~39","합계 150~179 / 홀수 4 / 연속쌍 1","합계 150~179 / 홀수 4 / 22이하 2"
"859","2019-05-18","8","22","35","38","39","41","11","183","33","3개","2개","180~255","1쌍","5종류","1개","1 · 0 · 1 · 3 · 1","30~39","합계 180~255 / 홀수 3 / 연속쌍 1","합계 180~255 / 홀수 3 / 22이하 2"
"860","2019-05-25","4","8","18","25","27","32","10","114","28","2개","3개","90~119","0쌍","5종류","0개","2 · 1 · 2 · 1 · 0","20~29","합계 90~119 / 홀수 2 / 연속쌍 0","합계 90~119 / 홀수 2 / 22이하 3"
"861","2019-06-01","11","17","19","21","22","25","4","115","14","5개","5개","90~119","1쌍","5종류","3개","0 · 3 · 3 · 0 · 0","0~19","합계 90~119 / 홀수 5 / 연속쌍 1","합계 90~119 / 홀수 5 / 22이하 5"
"862","2019-06-08","10","34","38","40","42","43","9","207","33","1개","1개","180~255","1쌍","5종류","1개","1 · 0 · 0 · 3 · 2","30~39","합계 180~255 / 홀수 1 / 연속쌍 1","합계 180~255 / 홀수 1 / 22이하 1"
"863","2019-06-15","16","21","28","35","39","43","7","182","27","4개","2개","180~255","0쌍","6종류","1개","0 · 1 · 2 · 2 · 1","20~29","합계 180~255 / 홀수 4 / 연속쌍 0","합계 180~255 / 홀수 4 / 22이하 2"
"864","2019-06-22","3","7","10","13","25","36","11","94","33","4개","4개","90~119","0쌍","5종류","3개","3 · 1 · 1 · 1 · 0","30~39","합계 90~119 / 홀수 4 / 연속쌍 0","합계 90~119 / 홀수 4 / 22이하 4"
"865","2019-06-29","3","15","22","32","33","45","13","150","42","4개","3개","150~179","1쌍","3종류","1개","1 · 1 · 1 · 2 · 1","40~44","합계 150~179 / 홀수 4 / 연속쌍 1","합계 150~179 / 홀수 4 / 22이하 3"
"866","2019-07-06","9","15","29","34","37","39","9","163","30","5개","2개","150~179","0쌍","4종류","2개","1 · 1 · 1 · 3 · 0","30~39","합계 150~179 / 홀수 5 / 연속쌍 0","합계 150~179 / 홀수 5 / 22이하 2"
"867","2019-07-13","14","17","19","22","24","40","5","136","26","2개","4개","120~149","0쌍","5종류","2개","0 · 3 · 2 · 1 · 0","20~29","합계 120~149 / 홀수 2 / 연속쌍 0","합계 120~149 / 홀수 2 / 22이하 4"
"868","2019-07-20","12","17","28","41","43","44","6","185","32","3개","2개","180~255","1쌍","6종류","3개","0 · 2 · 1 · 0 · 3","30~39","합계 180~255 / 홀수 3 / 연속쌍 1","합계 180~255 / 홀수 3 / 22이하 2"
"869","2019-07-27","2","6","20","27","37","39","10","131","37","3개","3개","120~149","0쌍","5종류","2개","2 · 1 · 1 · 2 · 0","30~39","합계 120~149 / 홀수 3 / 연속쌍 0","합계 120~149 / 홀수 3 / 22이하 3"
"870","2019-08-03","21","25","30","32","40","42","10","190","21","2개","1개","180~255","0쌍","4종류","0개","0 · 0 · 3 · 2 · 1","20~29","합계 180~255 / 홀수 2 / 연속쌍 0","합계 180~255 / 홀수 2 / 22이하 1"
"871","2019-08-10","2","6","12","26","30","34","7","110","32","0개","3개","90~119","0쌍","4종류","1개","2 · 1 · 2 · 1 · 0","30~39","합계 90~119 / 홀수 0 / 연속쌍 0","합계 90~119 / 홀수 0 / 22이하 3"
"872","2019-08-17","2","4","30","32","33","43","16","144","41","2개","2개","120~149","1쌍","4종류","2개","2 · 0 · 1 · 2 · 1","40~44","합계 120~149 / 홀수 2 / 연속쌍 1","합계 120~149 / 홀수 2 / 22이하 2"
"873","2019-08-24","3","5","12","13","33","39","10","105","36","5개","4개","90~119","1쌍","4종류","3개","2 · 2 · 0 · 2 · 0","30~39","합계 90~119 / 홀수 5 / 연속쌍 1","합계 90~119 / 홀수 5 / 22이하 4"
"874","2019-08-31","1","15","19","23","28","42","18","128","41","4개","3개","120~149","0쌍","6종류","2개","1 · 2 · 2 · 0 · 1","40~44","합계 120~149 / 홀수 4 / 연속쌍 0","합계 120~149 / 홀수 4 / 22이하 3"
"875","2019-09-07","19","22","30","34","39","44","14","188","25","2개","2개","180~255","0쌍","4종류","1개","0 · 1 · 2 · 2 · 1","20~29","합계 180~255 / 홀수 2 / 연속쌍 0","합계 180~255 / 홀수 2 / 22이하 2"
"876","2019-09-14","5","16","21","26","34","42","19","144","37","2개","3개","120~149","0쌍","5종류","1개","1 · 1 · 2 · 1 · 1","30~39","합계 120~149 / 홀수 2 / 연속쌍 0","합계 120~149 / 홀수 2 / 22이하 3"
"877","2019-09-21","5","17","18","22","23","43","12","128","38","4개","4개","120~149","2쌍","5종류","4개","1 · 2 · 2 · 0 · 1","30~39","합계 120~149 / 홀수 4 / 연속쌍 2","합계 120~149 / 홀수 4 / 22이하 4"
"878","2019-09-28","2","6","11","16","25","31","6","91","29","3개","4개","90~119","0쌍","4종류","3개","2 · 2 · 1 · 1 · 0","20~29","합계 90~119 / 홀수 3 / 연속쌍 0","합계 90~119 / 홀수 3 / 22이하 4"
"879","2019-10-05","1","4","10","14","15","35","6","79","34","3개","5개","21~89","1쌍","4종류","0개","3 · 2 · 0 · 1 · 0","30~39","합계 21~89 / 홀수 3 / 연속쌍 1","합계 21~89 / 홀수 3 / 22이하 5"
"880","2019-10-12","7","17","19","23","24","45","7","135","38","5개","3개","120~149","1쌍","5종류","4개","1 · 2 · 2 · 0 · 1","30~39","합계 120~149 / 홀수 5 / 연속쌍 1","합계 120~149 / 홀수 5 / 22이하 3"
"881","2019-10-19","4","18","20","26","27","32","8","127","28","1개","3개","120~149","1쌍","6종류","0개","1 · 2 · 2 · 1 · 0","20~29","합계 120~149 / 홀수 1 / 연속쌍 1","합계 120~149 / 홀수 1 / 22이하 3"
"882","2019-10-26","18","34","39","43","44","45","5","223","27","3개","1개","180~255","2쌍","5종류","1개","0 · 1 · 0 · 2 · 3","20~29","합계 180~255 / 홀수 3 / 연속쌍 2","합계 180~255 / 홀수 3 / 22이하 1"
"883","2019-11-02","9","18","32","33","37","44","15","173","35","3개","2개","150~179","1쌍","6종류","1개","1 · 1 · 0 · 3 · 1","30~39","합계 150~179 / 홀수 3 / 연속쌍 1","합계 150~179 / 홀수 3 / 22이하 2"
"884","2019-11-09","4","14","23","28","37","45","12","151","41","3개","2개","150~179","0쌍","5종류","2개","1 · 1 · 2 · 1 · 1","40~44","합계 150~179 / 홀수 3 / 연속쌍 0","합계 150~179 / 홀수 3 / 22이하 2"
"885","2019-11-16","1","3","24","27","39","45","13","139","44","5개","2개","120~149","0쌍","6종류","1개","2 · 0 · 2 · 1 · 1","40~44","합계 120~149 / 홀수 5 / 연속쌍 0","합계 120~149 / 홀수 5 / 22이하 2"
"886","2019-11-23","19","23","28","37","42","45","7","194","26","4개","1개","180~255","0쌍","6종류","3개","0 · 1 · 2 · 1 · 2","20~29","합계 180~255 / 홀수 4 / 연속쌍 0","합계 180~255 / 홀수 4 / 22이하 1"
"887","2019-11-30","8","14","17","27","36","45","8","147","37","3개","3개","120~149","0쌍","5종류","1개","1 · 2 · 1 · 1 · 1","30~39","합계 120~149 / 홀수 3 / 연속쌍 0","합계 120~149 / 홀수 3 / 22이하 3"
"888","2019-12-07","3","7","12","31","34","38","8","125","35","3개","3개","120~149","0쌍","6종류","3개","2 · 1 · 0 · 3 · 0","30~39","합계 120~149 / 홀수 3 / 연속쌍 0","합계 120~149 / 홀수 3 / 22이하 3"
"889","2019-12-14","3","13","29","38","39","42","10","164","39","4개","2개","150~179","1쌍","4종류","3개","1 · 1 · 1 · 2 · 1","30~39","합계 150~179 / 홀수 4 / 연속쌍 1","합계 150~179 / 홀수 4 / 22이하 2"
"890","2019-12-21","1","4","14","18","29","37","9","103","36","3개","4개","90~119","0쌍","5종류","2개","2 · 2 · 1 · 1 · 0","30~39","합계 90~119 / 홀수 3 / 연속쌍 0","합계 90~119 / 홀수 3 / 22이하 4"
"891","2019-12-28","9","13","28","31","39","41","7","161","32","5개","2개","150~179","0쌍","4종류","3개","1 · 1 · 1 · 2 · 1","30~39","합계 150~179 / 홀수 5 / 연속쌍 0","합계 150~179 / 홀수 5 / 22이하 2"
"892","2020-01-04","4","9","17","18","26","42","17","116","38","2개","4개","90~119","1쌍","6종류","1개","2 · 2 · 1 · 0 · 1","30~39","합계 90~119 / 홀수 2 / 연속쌍 1","합계 90~119 / 홀수 2 / 22이하 4"
"893","2020-01-11","1","15","17","23","25","41","9","122","40","6개","3개","120~149","0쌍","4종류","3개","1 · 2 · 2 · 0 · 1","40~44","합계 120~149 / 홀수 6 / 연속쌍 0","합계 120~149 / 홀수 6 / 22이하 3"
"894","2020-01-18","19","32","37","40","41","43","9","212","24","4개","1개","180~255","1쌍","6종류","4개","0 · 1 · 0 · 3 · 2","20~29","합계 180~255 / 홀수 4 / 연속쌍 1","합계 180~255 / 홀수 4 / 22이하 1"
"895","2020-01-25","16","26","31","38","39","41","12","191","25","3개","1개","180~255","1쌍","4종류","2개","0 · 1 · 1 · 3 · 1","20~29","합계 180~255 / 홀수 3 / 연속쌍 1","합계 180~255 / 홀수 3 / 22이하 1"
"896","2020-02-01","5","12","25","26","38","45","7","151","40","3개","2개","150~179","1쌍","4종류","1개","1 · 1 · 2 · 1 · 1","40~44","합계 150~179 / 홀수 3 / 연속쌍 1","합계 150~179 / 홀수 3 / 22이하 2"
"897","2020-02-08","6","7","12","22","26","36","13","109","30","1개","4개","90~119","1쌍","3종류","1개","2 · 1 · 2 · 1 · 0","30~39","합계 90~119 / 홀수 1 / 연속쌍 1","합계 90~119 / 홀수 1 / 22이하 4"
"898","2020-02-15","18","21","28","35","37","42","8","181","24","3개","2개","180~255","0쌍","5종류","1개","0 · 1 · 2 · 2 · 1","20~29","합계 180~255 / 홀수 3 / 연속쌍 0","합계 180~255 / 홀수 3 / 22이하 2"
"899","2020-02-22","8","19","20","21","33","39","6","140","31","4개","4개","120~149","2쌍","5종류","1개","1 · 2 · 1 · 2 · 0","30~39","합계 120~149 / 홀수 4 / 연속쌍 2","합계 120~149 / 홀수 4 / 22이하 4"
"900","2020-02-29","7","13","16","18","35","38","6","127","31","3개","4개","120~149","0쌍","5종류","2개","1 · 3 · 0 · 2 · 0","30~39","합계 120~149 / 홀수 3 / 연속쌍 0","합계 120~149 / 홀수 3 / 22이하 4"
"901","2020-03-07","5","18","20","23","30","34","9","130","29","2개","3개","120~149","0쌍","5종류","2개","1 · 2 · 2 · 1 · 0","20~29","합계 120~149 / 홀수 2 / 연속쌍 0","합계 120~149 / 홀수 2 / 22이하 3"
"902","2020-03-14","7","19","23","24","36","39","13","148","32","4개","2개","120~149","1쌍","5종류","3개","1 · 1 · 2 · 2 · 0","30~39","합계 120~149 / 홀수 4 / 연속쌍 1","합계 120~149 / 홀수 4 / 22이하 2"
"903","2020-03-21","2","15","16","21","22","28","13","104","26","2개","5개","90~119","2쌍","5종류","1개","1 · 2 · 3 · 0 · 0","20~29","합계 90~119 / 홀수 2 / 연속쌍 2","합계 90~119 / 홀수 2 / 22이하 5"
"904","2020-03-28","2","6","8","26","43","45","8","130","43","2개","3개","120~149","0쌍","5종류","2개","3 · 0 · 1 · 0 · 2","40~44","합계 120~149 / 홀수 2 / 연속쌍 0","합계 120~149 / 홀수 2 / 22이하 3"
"905","2020-04-04","3","4","16","27","38","40","7","128","37","2개","3개","120~149","1쌍","6종류","1개","2 · 1 · 1 · 2 · 0","30~39","합계 120~149 / 홀수 2 / 연속쌍 1","합계 120~149 / 홀수 2 / 22이하 3"
"906","2020-04-11","2","5","14","28","31","32","9","112","30","2개","3개","90~119","1쌍","5종류","3개","2 · 1 · 1 · 2 · 0","30~39","합계 90~119 / 홀수 2 / 연속쌍 1","합계 90~119 / 홀수 2 / 22이하 3"
"907","2020-04-18","21","27","29","38","40","44","7","199","23","3개","1개","180~255","0쌍","6종류","1개","0 · 0 · 3 · 2 · 1","20~29","합계 180~255 / 홀수 3 / 연속쌍 0","합계 180~255 / 홀수 3 / 22이하 1"
"908","2020-04-25","3","16","21","22","23","44","8","129","41","3개","4개","120~149","2쌍","5종류","2개","1 · 1 · 3 · 0 · 1","40~44","합계 120~149 / 홀수 3 / 연속쌍 2","합계 120~149 / 홀수 3 / 22이하 4"
"909","2020-05-02","7","24","29","30","34","35","11","159","28","3개","1개","150~179","2쌍","5종류","2개","1 · 0 · 3 · 2 · 0","20~29","합계 150~179 / 홀수 3 / 연속쌍 2","합계 150~179 / 홀수 3 / 22이하 1"
"910","2020-05-09","1","11","17","27","35","39","21","130","38","6개","3개","120~149","0쌍","4종류","2개","1 · 2 · 1 · 2 · 0","30~39","합계 120~149 / 홀수 6 / 연속쌍 0","합계 120~149 / 홀수 6 / 22이하 3"
"911","2020-05-16","4","5","12","14","32","42","10","109","38","1개","4개","90~119","1쌍","3종류","1개","2 · 2 · 0 · 1 · 1","30~39","합계 90~119 / 홀수 1 / 연속쌍 1","합계 90~119 / 홀수 1 / 22이하 4"
"912","2020-05-23","5","8","18","21","22","38","14","112","33","2개","5개","90~119","1쌍","4종류","1개","2 · 1 · 2 · 1 · 0","30~39","합계 90~119 / 홀수 2 / 연속쌍 1","합계 90~119 / 홀수 2 / 22이하 5"
"913","2020-05-30","6","14","16","21","27","37","16","121","31","3개","4개","120~149","0쌍","4종류","1개","1 · 2 · 2 · 1 · 0","30~39","합계 120~149 / 홀수 3 / 연속쌍 0","합계 120~149 / 홀수 3 / 22이하 4"
"914","2020-06-06","16","19","24","33","42","44","11","178","28","2개","2개","150~179","0쌍","5종류","1개","0 · 2 · 1 · 1 · 2","20~29","합계 150~179 / 홀수 2 / 연속쌍 0","합계 150~179 / 홀수 2 / 22이하 2"
"915","2020-06-13","2","6","11","13","22","37","6","91","35","3개","5개","90~119","0쌍","5종류","4개","2 · 2 · 1 · 1 · 0","30~39","합계 90~119 / 홀수 3 / 연속쌍 0","합계 90~119 / 홀수 3 / 22이하 5"
"916","2020-06-20","6","21","22","32","35","36","11","152","30","2개","3개","150~179","2쌍","4종류","0개","1 · 0 · 2 · 3 · 0","30~39","합계 150~179 / 홀수 2 / 연속쌍 2","합계 150~179 / 홀수 2 / 22이하 3"
"917","2020-06-27","1","3","23","24","27","43","10","121","42","5개","2개","120~149","1쌍","4종류","3개","2 · 0 · 3 · 0 · 1","40~44","합계 120~149 / 홀수 5 / 연속쌍 1","합계 120~149 / 홀수 5 / 22이하 2"
"918","2020-07-04","7","11","12","31","33","38","18","132","31","4개","3개","120~149","1쌍","5종류","3개","1 · 2 · 0 · 3 · 0","30~39","합계 120~149 / 홀수 4 / 연속쌍 1","합계 120~149 / 홀수 4 / 22이하 3"
"919","2020-07-11","9","14","17","18","42","44","5","144","35","2개","4개","120~149","1쌍","5종류","1개","1 · 3 · 0 · 0 · 2","30~39","합계 120~149 / 홀수 2 / 연속쌍 1","합계 120~149 / 홀수 2 / 22이하 4"
"920","2020-07-18","2","3","26","33","34","43","7","141","41","3개","2개","120~149","2쌍","4종류","3개","2 · 0 · 1 · 2 · 1","40~44","합계 120~149 / 홀수 3 / 연속쌍 2","합계 120~149 / 홀수 3 / 22이하 2"
"921","2020-07-25","5","7","12","22","28","41","17","115","36","3개","4개","90~119","0쌍","5종류","3개","2 · 1 · 2 · 0 · 1","30~39","합계 90~119 / 홀수 3 / 연속쌍 0","합계 90~119 / 홀수 3 / 22이하 4"
"922","2020-08-01","2","6","13","17","27","43","6","108","41","4개","4개","90~119","0쌍","4종류","4개","2 · 2 · 1 · 0 · 1","40~44","합계 90~119 / 홀수 4 / 연속쌍 0","합계 90~119 / 홀수 4 / 22이하 4"
"923","2020-08-08","3","17","18","23","36","41","8","138","38","4개","3개","120~149","1쌍","5종류","4개","1 · 2 · 1 · 1 · 1","30~39","합계 120~149 / 홀수 4 / 연속쌍 1","합계 120~149 / 홀수 4 / 22이하 3"
"924","2020-08-15","3","11","34","42","43","44","9","177","41","3개","2개","150~179","2쌍","4종류","3개","1 · 1 · 0 · 1 · 3","40~44","합계 150~179 / 홀수 3 / 연속쌍 2","합계 150~179 / 홀수 3 / 22이하 2"
"925","2020-08-22","13","24","32","34","39","42","12","184","29","2개","1개","180~255","0쌍","4종류","1개","0 · 1 · 1 · 3 · 1","20~29","합계 180~255 / 홀수 2 / 연속쌍 0","합계 180~255 / 홀수 2 / 22이하 1"
"926","2020-08-29","10","16","18","20","25","31","10","120","21","2개","4개","120~149","0쌍","5종류","1개","1 · 3 · 1 · 1 · 0","20~29","합계 120~149 / 홀수 2 / 연속쌍 0","합계 120~149 / 홀수 2 / 22이하 4"
"927","2020-09-05","4","15","22","38","41","43","6","163","39","3개","3개","150~179","0쌍","6종류","2개","1 · 1 · 1 · 1 · 2","30~39","합계 150~179 / 홀수 3 / 연속쌍 0","합계 150~179 / 홀수 3 / 22이하 3"
"928","2020-09-12","3","4","10","20","28","44","7","109","41","1개","4개","90~119","1쌍","4종류","1개","3 · 1 · 1 · 0 · 1","40~44","합계 90~119 / 홀수 1 / 연속쌍 1","합계 90~119 / 홀수 1 / 22이하 4"
"929","2020-09-19","7","9","12","15","19","23","16","85","16","5개","5개","21~89","0쌍","5종류","3개","2 · 3 · 1 · 0 · 0","0~19","합계 21~89 / 홀수 5 / 연속쌍 0","합계 21~89 / 홀수 5 / 22이하 5"
"930","2020-09-26","8","21","25","38","39","44","8","175","36","3개","2개","150~179","1쌍","5종류","0개","1 · 0 · 2 · 2 · 1","30~39","합계 150~179 / 홀수 3 / 연속쌍 1","합계 150~179 / 홀수 3 / 22이하 2"
"931","2020-10-03","14","15","23","25","35","43","8","155","29","5개","2개","150~179","1쌍","3종류","2개","0 · 2 · 2 · 1 · 1","20~29","합계 150~179 / 홀수 5 / 연속쌍 1","합계 150~179 / 홀수 5 / 22이하 2"
"932","2020-10-10","1","6","15","36","37","38","7","133","37","3개","3개","120~149","2쌍","5종류","1개","2 · 1 · 0 · 3 · 0","30~39","합계 120~149 / 홀수 3 / 연속쌍 2","합계 120~149 / 홀수 3 / 22이하 3"
"933","2020-10-17","23","27","29","31","36","45","8","191","22","5개","0개","180~255","0쌍","6종류","3개","0 · 0 · 3 · 2 · 1","20~29","합계 180~255 / 홀수 5 / 연속쌍 0","합계 180~255 / 홀수 5 / 22이하 0"
"934","2020-10-24","1","3","30","33","36","39","4","142","38","4개","2개","120~149","0쌍","5종류","1개","2 · 0 · 1 · 3 · 0","30~39","합계 120~149 / 홀수 4 / 연속쌍 0","합계 120~149 / 홀수 4 / 22이하 2"
"935","2020-10-31","4","10","20","32","38","44","13","148","40","0개","3개","120~149","0쌍","4종류","0개","2 · 1 · 0 · 2 · 1","40~44","합계 120~149 / 홀수 0 / 연속쌍 0","합계 120~149 / 홀수 0 / 22이하 3"
"936","2020-11-07","7","11","13","17","18","29","14","95","22","5개","5개","90~119","1쌍","5종류","5개","1 · 4 · 1 · 0 · 0","20~29","합계 90~119 / 홀수 5 / 연속쌍 1","합계 90~119 / 홀수 5 / 22이하 5"
"937","2020-11-14","2","10","13","22","29","40","11","116","38","2개","4개","90~119","0쌍","4종류","3개","2 · 1 · 2 · 1 · 0","30~39","합계 90~119 / 홀수 2 / 연속쌍 0","합계 90~119 / 홀수 2 / 22이하 4"
"938","2020-11-21","4","8","10","16","31","36","10","105","32","1개","4개","90~119","0쌍","5종류","1개","3 · 1 · 0 · 2 · 0","30~39","합계 90~119 / 홀수 1 / 연속쌍 0","합계 90~119 / 홀수 1 / 22이하 4"
"939","2020-11-28","4","11","28","39","42","45","13","169","41","3개","2개","150~179","0쌍","6종류","1개","1 · 1 · 1 · 1 · 2","40~44","합계 150~179 / 홀수 3 / 연속쌍 0","합계 150~179 / 홀수 3 / 22이하 2"
"940","2020-12-05","3","15","20","22","24","41","8","125","38","3개","4개","120~149","0쌍","6종류","2개","1 · 2 · 2 · 0 · 1","30~39","합계 120~149 / 홀수 3 / 연속쌍 0","합계 120~149 / 홀수 3 / 22이하 4"
"941","2020-12-12","12","14","25","27","39","40","16","157","28","3개","2개","150~179","1쌍","6종류","0개","0 · 2 · 2 · 2 · 0","20~29","합계 150~179 / 홀수 3 / 연속쌍 1","합계 150~179 / 홀수 3 / 22이하 2"
"942","2020-12-19","10","12","18","35","42","43","6","160","33","2개","3개","150~179","1쌍","5종류","1개","1 · 2 · 0 · 1 · 2","30~39","합계 150~179 / 홀수 2 / 연속쌍 1","합계 150~179 / 홀수 2 / 22이하 3"
"943","2020-12-26","1","8","13","36","44","45","7","147","44","3개","3개","120~149","1쌍","6종류","1개","2 · 1 · 0 · 1 · 2","40~44","합계 120~149 / 홀수 3 / 연속쌍 1","합계 120~149 / 홀수 3 / 22이하 3"
"944","2021-01-02","2","13","16","19","32","33","13","115","31","3개","4개","90~119","1쌍","4종류","3개","1 · 3 · 0 · 2 · 0","30~39","합계 90~119 / 홀수 3 / 연속쌍 1","합계 90~119 / 홀수 3 / 22이하 4"
"945","2021-01-09","9","10","15","30","33","37","13","134","28","4개","3개","120~149","1쌍","5종류","1개","2 · 1 · 1 · 2 · 0","20~29","합계 120~149 / 홀수 4 / 연속쌍 1","합계 120~149 / 홀수 4 / 22이하 3"
"946","2021-01-16","9","18","19","30","34","40","11","150","31","2개","3개","150~179","1쌍","4종류","1개","1 · 2 · 1 · 2 · 0","30~39","합계 150~179 / 홀수 2 / 연속쌍 1","합계 150~179 / 홀수 2 / 22이하 3"
"947","2021-01-23","3","8","17","20","27","35","18","110","32","4개","4개","90~119","0쌍","5종류","2개","2 · 2 · 1 · 1 · 0","30~39","합계 90~119 / 홀수 4 / 연속쌍 0","합계 90~119 / 홀수 4 / 22이하 4"
"948","2021-01-30","13","18","30","31","38","41","11","171","28","3개","2개","150~179","1쌍","4종류","3개","0 · 2 · 1 · 2 · 1","20~29","합계 150~179 / 홀수 3 / 연속쌍 1","합계 150~179 / 홀수 3 / 22이하 2"
"949","2021-02-06","14","21","35","36","40","44","10","190","30","2개","2개","180~255","1쌍","5종류","0개","0 · 1 · 1 · 3 · 1","30~39","합계 180~255 / 홀수 2 / 연속쌍 1","합계 180~255 / 홀수 2 / 22이하 2"
"950","2021-02-13","3","4","15","22","28","40","8","112","37","2개","4개","90~119","1쌍","6종류","1개","2 · 1 · 2 · 1 · 0","30~39","합계 90~119 / 홀수 2 / 연속쌍 1","합계 90~119 / 홀수 2 / 22이하 4"
"951","2021-02-20","2","12","30","31","39","43","14","157","41","3개","2개","150~179","1쌍","5종류","3개","1 · 1 · 1 · 2 · 1","40~44","합계 150~179 / 홀수 3 / 연속쌍 1","합계 150~179 / 홀수 3 / 22이하 2"
"952","2021-02-27","4","12","22","24","33","41","9","136","37","2개","3개","120~149","0쌍","4종류","1개","1 · 1 · 2 · 1 · 1","30~39","합계 120~149 / 홀수 2 / 연속쌍 0","합계 120~149 / 홀수 2 / 22이하 3"
"953","2021-03-06","7","9","22","27","37","42","14","144","35","4개","3개","120~149","0쌍","3종류","2개","2 · 0 · 2 · 1 · 1","30~39","합계 120~149 / 홀수 4 / 연속쌍 0","합계 120~149 / 홀수 4 / 22이하 3"
"954","2021-03-13","1","9","26","28","30","41","10","135","40","3개","2개","120~149","0쌍","5종류","1개","2 · 0 · 3 · 0 · 1","40~44","합계 120~149 / 홀수 3 / 연속쌍 0","합계 120~149 / 홀수 3 / 22이하 2"
"955","2021-03-20","4","9","23","26","29","33","12","124","29","4개","2개","120~149","0쌍","4종류","2개","2 · 0 · 3 · 1 · 0","20~29","합계 120~149 / 홀수 4 / 연속쌍 0","합계 120~149 / 홀수 4 / 22이하 2"
"956","2021-03-27","10","11","20","21","25","41","11","128","31","4개","4개","120~149","2쌍","3종류","2개","1 · 2 · 2 · 0 · 1","30~39","합계 120~149 / 홀수 4 / 연속쌍 2","합계 120~149 / 홀수 4 / 22이하 4"
"957","2021-04-03","4","15","24","35","36","40","11","154","36","2개","2개","150~179","1쌍","4종류","0개","1 · 1 · 1 · 3 · 0","30~39","합계 150~179 / 홀수 2 / 연속쌍 1","합계 150~179 / 홀수 2 / 22이하 2"
"958","2021-04-10","2","9","10","16","35","37","15","109","35","3개","4개","90~119","1쌍","6종류","2개","3 · 1 · 0 · 2 · 0","30~39","합계 90~119 / 홀수 3 / 연속쌍 1","합계 90~119 / 홀수 3 / 22이하 4"
"959","2021-04-17","1","14","15","24","40","41","8","135","40","3개","3개","120~149","2쌍","4종류","1개","1 · 2 · 1 · 1 · 1","40~44","합계 120~149 / 홀수 3 / 연속쌍 2","합계 120~149 / 홀수 3 / 22이하 3"
"960","2021-04-24","2","18","24","30","32","45","10","151","43","1개","2개","150~179","0쌍","5종류","1개","1 · 1 · 2 · 1 · 1","40~44","합계 150~179 / 홀수 1 / 연속쌍 0","합계 150~179 / 홀수 1 / 22이하 2"
"961","2021-05-01","11","20","29","31","33","42","9","166","31","4개","2개","150~179","0쌍","5종류","3개","0 · 2 · 1 · 2 · 1","30~39","합계 150~179 / 홀수 4 / 연속쌍 0","합계 150~179 / 홀수 4 / 22이하 2"
"962","2021-05-08","1","18","28","31","34","43","12","155","42","3개","2개","150~179","0쌍","4종류","2개","1 · 1 · 1 · 2 · 1","40~44","합계 150~179 / 홀수 3 / 연속쌍 0","합계 150~179 / 홀수 3 / 22이하 2"
"963","2021-05-15","6","12","19","23","34","42","15","136","36","2개","3개","120~149","0쌍","5종류","2개","1 · 2 · 1 · 1 · 1","30~39","합계 120~149 / 홀수 2 / 연속쌍 0","합계 120~149 / 홀수 2 / 22이하 3"
"964","2021-05-22","6","21","36","38","39","43","10","183","37","3개","2개","180~255","1쌍","5종류","1개","1 · 0 · 1 · 3 · 1","30~39","합계 180~255 / 홀수 3 / 연속쌍 1","합계 180~255 / 홀수 3 / 22이하 2"
"965","2021-05-29","2","13","25","28","29","36","7","133","34","3개","2개","120~149","1쌍","6종류","3개","1 · 1 · 3 · 1 · 0","30~39","합계 120~149 / 홀수 3 / 연속쌍 1","합계 120~149 / 홀수 3 / 22이하 2"
"966","2021-06-05","1","21","25","29","34","37","10","147","36","5개","2개","120~149","0쌍","5종류","2개","1 · 0 · 3 · 2 · 0","30~39","합계 120~149 / 홀수 5 / 연속쌍 0","합계 120~149 / 홀수 5 / 22이하 2"
"967","2021-06-12","1","6","13","37","38","40","4","135","39","3개","3개","120~149","1쌍","6종류","2개","2 · 1 · 0 · 3 · 0","30~39","합계 120~149 / 홀수 3 / 연속쌍 1","합계 120~149 / 홀수 3 / 22이하 3"
"968","2021-06-19","2","5","12","14","24","39","13","96","37","2개","4개","90~119","0쌍","4종류","2개","2 · 2 · 1 · 1 · 0","30~39","합계 90~119 / 홀수 2 / 연속쌍 0","합계 90~119 / 홀수 2 / 22이하 4"
"969","2021-06-26","3","9","10","29","40","45","20","136","42","4개","3개","120~149","1쌍","4종류","2개","3 · 0 · 1 · 1 · 1","40~44","합계 120~149 / 홀수 4 / 연속쌍 1","합계 120~149 / 홀수 4 / 22이하 3"
"970","2021-07-03","9","11","16","21","28","36","14","121","27","3개","4개","120~149","0쌍","4종류","1개","1 · 2 · 2 · 1 · 0","20~29","합계 120~149 / 홀수 3 / 연속쌍 0","합계 120~149 / 홀수 3 / 22이하 4"
"971","2021-07-10","2","6","17","18","21","26","6","90","24","2개","5개","90~119","1쌍","5종류","2개","2 · 2 · 2 · 0 · 0","20~29","합계 90~119 / 홀수 2 / 연속쌍 1","합계 90~119 / 홀수 2 / 22이하 5"
"972","2021-07-17","3","6","17","23","37","39","20","125","36","5개","3개","120~149","0쌍","4종류","4개","2 · 1 · 1 · 2 · 0","30~39","합계 120~149 / 홀수 5 / 연속쌍 0","합계 120~149 / 홀수 5 / 22이하 3"
"973","2021-07-24","22","26","31","37","41","42","8","199","20","3개","1개","180~255","1쌍","4종류","3개","0 · 0 · 2 · 2 · 2","20~29","합계 180~255 / 홀수 3 / 연속쌍 1","합계 180~255 / 홀수 3 / 22이하 1"
"974","2021-07-31","1","2","11","16","39","44","17","113","43","3개","4개","90~119","1쌍","5종류","2개","2 · 2 · 0 · 1 · 1","40~44","합계 90~119 / 홀수 3 / 연속쌍 1","합계 90~119 / 홀수 3 / 22이하 4"
"975","2021-08-07","7","8","9","17","22","24","9","87","17","3개","5개","21~89","2쌍","5종류","2개","3 · 1 · 2 · 0 · 0","0~19","합계 21~89 / 홀수 3 / 연속쌍 2","합계 21~89 / 홀수 3 / 22이하 5"
"976","2021-08-14","4","12","14","25","35","37","7","127","33","3개","3개","120~149","0쌍","4종류","1개","1 · 2 · 1 · 2 · 0","30~39","합계 120~149 / 홀수 3 / 연속쌍 0","합계 120~149 / 홀수 3 / 22이하 3"
"977","2021-08-21","2","9","10","14","22","44","14","101","42","1개","5개","90~119","1쌍","4종류","1개","3 · 1 · 1 · 0 · 1","40~44","합계 90~119 / 홀수 1 / 연속쌍 1","합계 90~119 / 홀수 1 / 22이하 5"
"978","2021-08-28","1","7","15","32","34","42","10","131","41","3개","3개","120~149","0쌍","5종류","1개","2 · 1 · 0 · 2 · 1","40~44","합계 120~149 / 홀수 3 / 연속쌍 0","합계 120~149 / 홀수 3 / 22이하 3"
"979","2021-09-04","7","11","16","21","27","33","14","115","26","5개","4개","90~119","0쌍","4종류","2개","1 · 2 · 2 · 1 · 0","20~29","합계 90~119 / 홀수 5 / 연속쌍 0","합계 90~119 / 홀수 5 / 22이하 4"
"980","2021-09-11","3","13","16","23","24","35","7","114","32","4개","3개","90~119","1쌍","4종류","3개","1 · 2 · 2 · 1 · 0","30~39","합계 90~119 / 홀수 4 / 연속쌍 1","합계 90~119 / 홀수 4 / 22이하 3"
"981","2021-09-18","27","36","37","41","43","45","13","229","18","5개","0개","180~255","1쌍","5종류","3개","0 · 0 · 1 · 2 · 3","0~19","합계 180~255 / 홀수 5 / 연속쌍 1","합계 180~255 / 홀수 5 / 22이하 0"
"982","2021-09-25","5","7","13","20","21","44","8","110","39","4개","5개","90~119","1쌍","6종류","3개","2 · 2 · 1 · 0 · 1","30~39","합계 90~119 / 홀수 4 / 연속쌍 1","합계 90~119 / 홀수 4 / 22이하 5"
"983","2021-10-02","13","23","26","31","35","43","10","171","30","5개","1개","150~179","0쌍","4종류","4개","0 · 1 · 2 · 2 · 1","30~39","합계 150~179 / 홀수 5 / 연속쌍 0","합계 150~179 / 홀수 5 / 22이하 1"
"984","2021-10-09","3","10","23","35","36","37","7","144","34","4개","2개","120~149","2쌍","5종류","3개","2 · 0 · 1 · 3 · 0","30~39","합계 120~149 / 홀수 4 / 연속쌍 2","합계 120~149 / 홀수 4 / 22이하 2"
"985","2021-10-16","17","21","23","30","34","44","10","169","27","3개","2개","150~179","0쌍","5종류","2개","0 · 1 · 3 · 1 · 1","20~29","합계 150~179 / 홀수 3 / 연속쌍 0","합계 150~179 / 홀수 3 / 22이하 2"
"986","2021-10-23","7","10","16","28","41","42","10","144","35","2개","3개","120~149","1쌍","6종류","2개","2 · 1 · 1 · 0 · 2","30~39","합계 120~149 / 홀수 2 / 연속쌍 1","합계 120~149 / 홀수 2 / 22이하 3"
"987","2021-10-30","2","4","15","23","29","38","10","111","36","3개","3개","90~119","0쌍","6종류","3개","2 · 1 · 2 · 1 · 0","30~39","합계 90~119 / 홀수 3 / 연속쌍 0","합계 90~119 / 홀수 3 / 22이하 3"
"988","2021-11-06","2","13","20","30","31","41","9","137","39","3개","3개","120~149","1쌍","4종류","4개","1 · 2 · 1 · 1 · 1","30~39","합계 120~149 / 홀수 3 / 연속쌍 1","합계 120~149 / 홀수 3 / 22이하 3"
"989","2021-11-13","17","18","21","27","29","33","4","145","16","5개","3개","120~149","1쌍","5종류","2개","0 · 2 · 3 · 1 · 0","0~19","합계 120~149 / 홀수 5 / 연속쌍 1","합계 120~149 / 홀수 5 / 22이하 3"
"990","2021-11-20","2","4","25","26","36","37","14","130","35","2개","2개","120~149","2쌍","5종류","2개","2 · 0 · 2 · 2 · 0","30~39","합계 120~149 / 홀수 2 / 연속쌍 2","합계 120~149 / 홀수 2 / 22이하 2"
"991","2021-11-27","13","18","25","31","33","44","8","164","31","4개","2개","150~179","0쌍","5종류","2개","0 · 2 · 1 · 2 · 1","30~39","합계 150~179 / 홀수 4 / 연속쌍 0","합계 150~179 / 홀수 4 / 22이하 2"
"992","2021-12-04","12","20","26","33","44","45","12","180","33","2개","2개","180~255","1쌍","6종류","0개","0 · 2 · 1 · 1 · 2","30~39","합계 180~255 / 홀수 2 / 연속쌍 1","합계 180~255 / 홀수 2 / 22이하 2"
"993","2021-12-11","6","14","16","18","24","42","6","120","36","0개","4개","120~149","0쌍","4종류","0개","1 · 3 · 1 · 0 · 1","30~39","합계 120~149 / 홀수 0 / 연속쌍 0","합계 120~149 / 홀수 0 / 22이하 4"
"994","2021-12-18","1","3","8","24","27","35","12","98","34","4개","3개","90~119","0쌍","6종류","1개","3 · 0 · 2 · 1 · 0","30~39","합계 90~119 / 홀수 4 / 연속쌍 0","합계 90~119 / 홀수 4 / 22이하 3"
"995","2021-12-25","1","4","13","29","38","39","7","124","38","4개","3개","120~149","1쌍","5종류","2개","2 · 1 · 1 · 2 · 0","30~39","합계 120~149 / 홀수 4 / 연속쌍 1","합계 120~149 / 홀수 4 / 22이하 3"
"996","2022-01-01","6","11","15","24","32","39","18","127","33","3개","3개","120~149","0쌍","6종류","1개","1 · 2 · 1 · 2 · 0","30~39","합계 120~149 / 홀수 3 / 연속쌍 0","합계 120~149 / 홀수 3 / 22이하 3"
"997","2022-01-08","4","7","14","16","24","44","19","109","40","1개","4개","90~119","0쌍","3종류","1개","2 · 2 · 1 · 0 · 1","40~44","합계 90~119 / 홀수 1 / 연속쌍 0","합계 90~119 / 홀수 1 / 22이하 4"
"998","2022-01-15","13","17","18","20","42","45","12","155","32","3개","4개","150~179","1쌍","6종류","2개","0 · 4 · 0 · 0 · 2","30~39","합계 150~179 / 홀수 3 / 연속쌍 1","합계 150~179 / 홀수 3 / 22이하 4"
"999","2022-01-22","1","3","9","14","18","28","16","73","27","3개","5개","21~89","0쌍","5종류","1개","3 · 2 · 1 · 0 · 0","20~29","합계 21~89 / 홀수 3 / 연속쌍 0","합계 21~89 / 홀수 3 / 22이하 5"
"1000","2022-01-29","2","8","19","22","32","42","22","125","40","1개","4개","120~149","0쌍","3종류","2개","2 · 1 · 1 · 1 · 1","40~44","합계 120~149 / 홀수 1 / 연속쌍 0","합계 120~149 / 홀수 1 / 22이하 4"
"1001","2022-02-05","6","10","12","14","20","42","12","104","36","0개","5개","90~119","0쌍","4종류","0개","2 · 3 · 0 · 0 · 1","30~39","합계 90~119 / 홀수 0 / 연속쌍 0","합계 90~119 / 홀수 0 / 22이하 5"
"1002","2022-02-12","17","25","33","35","38","45","8","193","28","5개","1개","180~255","0쌍","4종류","1개","0 · 1 · 1 · 3 · 1","20~29","합계 180~255 / 홀수 5 / 연속쌍 0","합계 180~255 / 홀수 5 / 22이하 1"
"1003","2022-02-19","1","4","29","39","43","45","14","161","44","5개","2개","150~179","0쌍","5종류","2개","2 · 0 · 1 · 1 · 2","40~44","합계 150~179 / 홀수 5 / 연속쌍 0","합계 150~179 / 홀수 5 / 22이하 2"
"1004","2022-02-26","7","15","30","37","39","44","10","172","37","4개","2개","150~179","0쌍","5종류","2개","1 · 1 · 1 · 2 · 1","30~39","합계 150~179 / 홀수 4 / 연속쌍 0","합계 150~179 / 홀수 4 / 22이하 2"
"1005","2022-03-05","8","13","18","24","27","29","12","119","21","3개","3개","90~119","0쌍","5종류","2개","1 · 2 · 3 · 0 · 0","20~29","합계 90~119 / 홀수 3 / 연속쌍 0","합계 90~119 / 홀수 3 / 22이하 3"
"1006","2022-03-12","8","11","15","16","17","37","9","104","29","4개","5개","90~119","2쌍","5종류","3개","1 · 4 · 0 · 1 · 0","20~29","합계 90~119 / 홀수 4 / 연속쌍 2","합계 90~119 / 홀수 4 / 22이하 5"
"1007","2022-03-19","8","11","16","19","21","25","9","100","17","4개","5개","90~119","0쌍","5종류","2개","1 · 3 · 2 · 0 · 0","0~19","합계 90~119 / 홀수 4 / 연속쌍 0","합계 90~119 / 홀수 4 / 22이하 5"
"1008","2022-03-26","9","11","30","31","41","44","11","166","35","4개","2개","150~179","1쌍","4종류","3개","1 · 1 · 1 · 1 · 2","30~39","합계 150~179 / 홀수 4 / 연속쌍 1","합계 150~179 / 홀수 4 / 22이하 2"
"1009","2022-04-02","15","23","29","34","40","44","15","185","29","3개","1개","180~255","0쌍","5종류","2개","0 · 1 · 2 · 2 · 1","20~29","합계 180~255 / 홀수 3 / 연속쌍 0","합계 180~255 / 홀수 3 / 22이하 1"
"1010","2022-04-09","9","12","15","25","34","36","8","131","27","3개","3개","120~149","0쌍","5종류","0개","1 · 2 · 1 · 2 · 0","20~29","합계 120~149 / 홀수 3 / 연속쌍 0","합계 120~149 / 홀수 3 / 22이하 3"
"1011","2022-04-16","1","9","12","26","35","38","11","121","37","3개","3개","120~149","0쌍","6종류","0개","2 · 1 · 1 · 2 · 0","30~39","합계 120~149 / 홀수 3 / 연속쌍 0","합계 120~149 / 홀수 3 / 22이하 3"
"1012","2022-04-23","5","11","18","20","35","45","13","134","40","4개","4개","120~149","0쌍","4종류","2개","1 · 3 · 0 · 1 · 1","40~44","합계 120~149 / 홀수 4 / 연속쌍 0","합계 120~149 / 홀수 4 / 22이하 4"
"1013","2022-04-30","21","22","26","34","36","41","5","180","20","2개","2개","180~255","1쌍","4종류","1개","0 · 0 · 3 · 2 · 1","20~29","합계 180~255 / 홀수 2 / 연속쌍 1","합계 180~255 / 홀수 2 / 22이하 2"
"1014","2022-05-07","3","11","14","18","26","27","10","99","24","3개","4개","90~119","1쌍","6종류","2개","1 · 3 · 2 · 0 · 0","20~29","합계 90~119 / 홀수 3 / 연속쌍 1","합계 90~119 / 홀수 3 / 22이하 4"
"1015","2022-05-14","14","23","31","33","37","40","8","178","26","4개","1개","150~179","0쌍","5종류","3개","0 · 1 · 1 · 4 · 0","20~29","합계 150~179 / 홀수 4 / 연속쌍 0","합계 150~179 / 홀수 4 / 22이하 1"
"1016","2022-05-21","15","26","28","34","41","42","11","186","27","2개","1개","180~255","1쌍","6종류","1개","0 · 1 · 2 · 1 · 2","20~29","합계 180~255 / 홀수 2 / 연속쌍 1","합계 180~255 / 홀수 2 / 22이하 1"
"1017","2022-05-28","12","18","22","23","30","34","7","139","22","1개","3개","120~149","1쌍","5종류","1개","0 · 2 · 3 · 1 · 0","20~29","합계 120~149 / 홀수 1 / 연속쌍 1","합계 120~149 / 홀수 1 / 22이하 3"
"1018","2022-06-04","3","19","21","25","37","45","2","150","42","6개","3개","150~179","0쌍","5종류","3개","1 · 1 · 2 · 1 · 1","40~44","합계 150~179 / 홀수 6 / 연속쌍 0","합계 150~179 / 홀수 6 / 22이하 3"
"1019","2022-06-11","1","4","13","17","34","39","50","108","38","4개","4개","90~119","0쌍","5종류","2개","2 · 2 · 0 · 2 · 0","30~39","합계 90~119 / 홀수 4 / 연속쌍 0","합계 90~119 / 홀수 4 / 22이하 4"
"1020","2022-06-18","12","27","29","38","41","45","13","192","33","4개","1개","180~255","0쌍","6종류","2개","0 · 1 · 2 · 1 · 2","30~39","합계 180~255 / 홀수 4 / 연속쌍 0","합계 180~255 / 홀수 4 / 22이하 1"
"1021","2022-06-25","12","15","17","24","29","45","12","142","33","4개","3개","120~149","0쌍","5종류","2개","0 · 3 · 2 · 0 · 1","30~39","합계 120~149 / 홀수 4 / 연속쌍 0","합계 120~149 / 홀수 4 / 22이하 3"
"1022","2022-07-02","5","6","11","29","42","45","5","138","40","4개","3개","120~149","1쌍","5종류","3개","2 · 1 · 1 · 0 · 2","40~44","합계 120~149 / 홀수 4 / 연속쌍 1","합계 120~149 / 홀수 4 / 22이하 3"
"1023","2022-07-09","10","14","16","18","29","35","9","122","25","2개","4개","120~149","0쌍","6종류","1개","1 · 3 · 1 · 1 · 0","20~29","합계 120~149 / 홀수 2 / 연속쌍 0","합계 120~149 / 홀수 2 / 22이하 4"
"1024","2022-07-16","9","18","20","22","38","44","8","151","35","1개","4개","150~179","0쌍","5종류","0개","1 · 2 · 1 · 1 · 1","30~39","합계 150~179 / 홀수 1 / 연속쌍 0","합계 150~179 / 홀수 1 / 22이하 4"
"1025","2022-07-23","8","9","20","25","29","33","4","124","25","4개","3개","120~149","1쌍","5종류","1개","2 · 1 · 2 · 1 · 0","20~29","합계 120~149 / 홀수 4 / 연속쌍 1","합계 120~149 / 홀수 4 / 22이하 3"
"1026","2022-07-30","5","12","13","31","32","41","15","134","36","4개","3개","120~149","2쌍","4종류","4개","1 · 2 · 0 · 2 · 1","30~39","합계 120~149 / 홀수 4 / 연속쌍 2","합계 120~149 / 홀수 4 / 22이하 3"
"1027","2022-08-06","14","16","27","35","39","45","10","176","31","4개","2개","150~179","0쌍","5종류","0개","0 · 2 · 1 · 2 · 1","30~39","합계 150~179 / 홀수 4 / 연속쌍 0","합계 150~179 / 홀수 4 / 22이하 2"
"1028","2022-08-13","5","7","12","13","18","35","20","90","30","4개","5개","90~119","1쌍","5종류","3개","2 · 3 · 0 · 1 · 0","30~39","합계 90~119 / 홀수 4 / 연속쌍 1","합계 90~119 / 홀수 4 / 22이하 5"
"1029","2022-08-20","12","30","32","37","39","41","10","191","29","3개","1개","180~255","0쌍","5종류","2개","0 · 1 · 1 · 3 · 1","20~29","합계 180~255 / 홀수 3 / 연속쌍 0","합계 180~255 / 홀수 3 / 22이하 1"
"1030","2022-08-27","2","5","11","17","24","29","19","88","27","4개","4개","21~89","0쌍","6종류","5개","2 · 2 · 2 · 0 · 0","20~29","합계 21~89 / 홀수 4 / 연속쌍 0","합계 21~89 / 홀수 4 / 22이하 4"
"1031","2022-09-03","6","7","22","32","35","36","8","138","30","2개","3개","120~149","2쌍","4종류","1개","2 · 0 · 1 · 3 · 0","30~39","합계 120~149 / 홀수 2 / 연속쌍 2","합계 120~149 / 홀수 2 / 22이하 3"
"1032","2022-09-10","1","6","12","19","36","42","10","116","41","2개","4개","90~119","0쌍","4종류","1개","2 · 2 · 0 · 1 · 1","40~44","합계 90~119 / 홀수 2 / 연속쌍 0","합계 90~119 / 홀수 2 / 22이하 4"
"1033","2022-09-17","3","11","15","20","35","44","13","128","41","4개","4개","120~149","0쌍","5종류","2개","1 · 3 · 0 · 1 · 1","40~44","합계 120~149 / 홀수 4 / 연속쌍 0","합계 120~149 / 홀수 4 / 22이하 4"
"1034","2022-09-24","26","31","32","33","38","40","9","200","14","2개","0개","180~255","2쌍","6종류","1개","0 · 0 · 1 · 5 · 0","0~19","합계 180~255 / 홀수 2 / 연속쌍 2","합계 180~255 / 홀수 2 / 22이하 0"
"1035","2022-10-01","9","14","34","35","41","42","8","175","33","3개","2개","150~179","2쌍","5종류","1개","1 · 1 · 0 · 2 · 2","30~39","합계 150~179 / 홀수 3 / 연속쌍 2","합계 150~179 / 홀수 3 / 22이하 2"
"1036","2022-10-08","2","5","22","32","34","45","9","140","43","2개","3개","120~149","0쌍","3종류","2개","2 · 0 · 1 · 2 · 1","40~44","합계 120~149 / 홀수 2 / 연속쌍 0","합계 120~149 / 홀수 2 / 22이하 3"
"1037","2022-10-15","2","14","15","22","27","33","15","113","31","3개","4개","90~119","1쌍","5종류","1개","1 · 2 · 2 · 1 · 0","30~39","합계 90~119 / 홀수 3 / 연속쌍 1","합계 90~119 / 홀수 3 / 22이하 4"
"1038","2022-10-22","7","16","24","27","37","44","15","155","37","3개","2개","150~179","0쌍","3종류","2개","1 · 1 · 2 · 1 · 1","30~39","합계 150~179 / 홀수 3 / 연속쌍 0","합계 150~179 / 홀수 3 / 22이하 2"
"1039","2022-10-29","2","3","6","19","36","39","16","105","37","3개","4개","90~119","1쌍","4종류","3개","3 · 1 · 0 · 2 · 0","30~39","합계 90~119 / 홀수 3 / 연속쌍 1","합계 90~119 / 홀수 3 / 22이하 4"
"1040","2022-11-05","8","16","26","29","31","36","7","146","28","2개","2개","120~149","0쌍","4종류","2개","1 · 1 · 2 · 2 · 0","20~29","합계 120~149 / 홀수 2 / 연속쌍 0","합계 120~149 / 홀수 2 / 22이하 2"
"1041","2022-11-12","6","7","9","11","17","18","25","68","12","4개","6개","21~89","2쌍","5종류","3개","3 · 3 · 0 · 0 · 0","0~19","합계 21~89 / 홀수 4 / 연속쌍 2","합계 21~89 / 홀수 4 / 22이하 6"
"1042","2022-11-19","5","14","15","23","34","43","20","134","38","4개","3개","120~149","1쌍","3종류","3개","1 · 2 · 1 · 1 · 1","30~39","합계 120~149 / 홀수 4 / 연속쌍 1","합계 120~149 / 홀수 4 / 22이하 3"
"1043","2022-11-26","3","5","12","22","26","31","17","99","28","3개","4개","90~119","0쌍","5종류","3개","2 · 1 · 2 · 1 · 0","20~29","합계 90~119 / 홀수 3 / 연속쌍 0","합계 90~119 / 홀수 3 / 22이하 4"
"1044","2022-12-03","12","17","20","26","28","36","8","139","24","1개","3개","120~149","0쌍","5종류","1개","0 · 3 · 2 · 1 · 0","20~29","합계 120~149 / 홀수 1 / 연속쌍 0","합계 120~149 / 홀수 1 / 22이하 3"
"1045","2022-12-10","6","14","15","19","21","41","13","116","35","4개","5개","90~119","1쌍","5종류","2개","1 · 3 · 1 · 0 · 1","30~39","합계 90~119 / 홀수 4 / 연속쌍 1","합계 90~119 / 홀수 4 / 22이하 5"
"1046","2022-12-17","7","16","25","29","35","36","12","148","29","4개","2개","120~149","1쌍","4종류","2개","1 · 1 · 2 · 2 · 0","20~29","합계 120~149 / 홀수 4 / 연속쌍 1","합계 120~149 / 홀수 4 / 22이하 2"
"1047","2022-12-24","2","20","33","40","42","44","9","181","42","1개","2개","180~255","0쌍","4종류","1개","1 · 1 · 0 · 2 · 2","40~44","합계 180~255 / 홀수 1 / 연속쌍 0","합계 180~255 / 홀수 1 / 22이하 2"
"1048","2022-12-31","6","12","17","21","32","39","17","127","33","3개","4개","120~149","0쌍","5종류","1개","1 · 2 · 1 · 2 · 0","30~39","합계 120~149 / 홀수 3 / 연속쌍 0","합계 120~149 / 홀수 3 / 22이하 4"
"1049","2023-01-07","3","5","13","20","21","37","15","99","34","5개","5개","90~119","1쌍","5종류","4개","2 · 2 · 1 · 1 · 0","30~39","합계 90~119 / 홀수 5 / 연속쌍 1","합계 90~119 / 홀수 5 / 22이하 5"
"1050","2023-01-14","6","12","31","35","38","43","17","165","37","3개","2개","150~179","0쌍","6종류","2개","1 · 1 · 0 · 3 · 1","30~39","합계 150~179 / 홀수 3 / 연속쌍 0","합계 150~179 / 홀수 3 / 22이하 2"
"1051","2023-01-21","21","26","30","32","33","35","18","177","14","3개","1개","150~179","1쌍","6종류","0개","0 · 0 · 3 · 3 · 0","0~19","합계 150~179 / 홀수 3 / 연속쌍 1","합계 150~179 / 홀수 3 / 22이하 1"
"1052","2023-01-28","5","17","26","27","35","38","11","148","33","4개","2개","120~149","1쌍","4종류","2개","1 · 1 · 2 · 2 · 0","30~39","합계 120~149 / 홀수 4 / 연속쌍 1","합계 120~149 / 홀수 4 / 22이하 2"
"1053","2023-02-04","22","26","29","30","34","45","7","186","23","2개","1개","180~255","1쌍","6종류","1개","0 · 0 · 4 · 1 · 1","20~29","합계 180~255 / 홀수 2 / 연속쌍 1","합계 180~255 / 홀수 2 / 22이하 1"
"1054","2023-02-11","14","19","27","28","30","45","9","163","31","3개","2개","150~179","1쌍","6종류","1개","0 · 2 · 3 · 0 · 1","30~39","합계 150~179 / 홀수 3 / 연속쌍 1","합계 150~179 / 홀수 3 / 22이하 2"
"1055","2023-02-18","4","7","12","14","22","33","11","92","29","2개","5개","90~119","0쌍","4종류","1개","2 · 2 · 1 · 1 · 0","20~29","합계 90~119 / 홀수 2 / 연속쌍 0","합계 90~119 / 홀수 2 / 22이하 5"
"1056","2023-02-25","13","20","24","32","36","45","14","170","32","2개","2개","150~179","0쌍","6종류","1개","0 · 2 · 1 · 2 · 1","30~39","합계 150~179 / 홀수 2 / 연속쌍 0","합계 150~179 / 홀수 2 / 22이하 2"
"1057","2023-03-04","8","13","19","27","40","45","17","152","37","4개","3개","150~179","0쌍","6종류","2개","1 · 2 · 1 · 1 · 1","30~39","합계 150~179 / 홀수 4 / 연속쌍 0","합계 150~179 / 홀수 4 / 22이하 3"
"1058","2023-03-11","11","23","25","30","32","40","13","161","29","3개","1개","150~179","0쌍","5종류","2개","0 · 1 · 3 · 2 · 0","20~29","합계 150~179 / 홀수 3 / 연속쌍 0","합계 150~179 / 홀수 3 / 22이하 1"
"1059","2023-03-18","7","10","22","25","34","40","13","138","33","2개","3개","120~149","0쌍","5종류","1개","2 · 0 · 2 · 2 · 0","30~39","합계 120~149 / 홀수 2 / 연속쌍 0","합계 120~149 / 홀수 2 / 22이하 3"
"1060","2023-03-25","3","10","24","33","38","45","28","153","42","3개","2개","150~179","0쌍","5종류","1개","2 · 0 · 1 · 2 · 1","40~44","합계 150~179 / 홀수 3 / 연속쌍 0","합계 150~179 / 홀수 3 / 22이하 2"
"1061","2023-04-01","4","24","27","35","37","45","11","172","41","4개","1개","150~179","0쌍","3종류","1개","1 · 0 · 2 · 2 · 1","40~44","합계 150~179 / 홀수 4 / 연속쌍 0","합계 150~179 / 홀수 4 / 22이하 1"
"1062","2023-04-08","20","31","32","40","41","45","7","209","25","3개","1개","180~255","2쌍","4종류","2개","0 · 1 · 0 · 3 · 2","20~29","합계 180~255 / 홀수 3 / 연속쌍 2","합계 180~255 / 홀수 3 / 22이하 1"
"1063","2023-04-15","3","6","22","23","24","38","7","116","35","2개","3개","90~119","2쌍","5종류","2개","2 · 0 · 3 · 1 · 0","30~39","합계 90~119 / 홀수 2 / 연속쌍 2","합계 90~119 / 홀수 2 / 22이하 3"
"1064","2023-04-22","3","6","9","18","22","35","19","93","32","3개","5개","90~119","0쌍","6종류","1개","3 · 1 · 1 · 1 · 0","30~39","합계 90~119 / 홀수 3 / 연속쌍 0","합계 90~119 / 홀수 3 / 22이하 5"
"1065","2023-04-29","3","18","19","23","32","45","14","140","42","4개","3개","120~149","1쌍","5종류","3개","1 · 2 · 1 · 1 · 1","40~44","합계 120~149 / 홀수 4 / 연속쌍 1","합계 120~149 / 홀수 4 / 22이하 3"
"1066","2023-05-06","6","11","16","19","21","32","15","105","26","3개","5개","90~119","0쌍","4종류","2개","1 · 3 · 1 · 1 · 0","20~29","합계 90~119 / 홀수 3 / 연속쌍 0","합계 90~119 / 홀수 3 / 22이하 5"
"1067","2023-05-13","7","10","19","23","28","33","13","120","26","4개","3개","120~149","0쌍","5종류","3개","2 · 1 · 2 · 1 · 0","20~29","합계 120~149 / 홀수 4 / 연속쌍 0","합계 120~149 / 홀수 4 / 22이하 3"
"1068","2023-05-20","4","7","19","26","33","35","19","124","31","4개","3개","120~149","0쌍","6종류","2개","2 · 1 · 1 · 2 · 0","30~39","합계 120~149 / 홀수 4 / 연속쌍 0","합계 120~149 / 홀수 4 / 22이하 3"
"1069","2023-05-27","1","10","18","22","28","31","14","110","30","2개","4개","90~119","0쌍","4종류","1개","2 · 1 · 2 · 1 · 0","30~39","합계 90~119 / 홀수 2 / 연속쌍 0","합계 90~119 / 홀수 2 / 22이하 4"
"1070","2023-06-03","3","6","14","22","30","41","14","116","38","2개","4개","90~119","0쌍","6종류","2개","2 · 1 · 2 · 0 · 1","30~39","합계 90~119 / 홀수 2 / 연속쌍 0","합계 90~119 / 홀수 2 / 22이하 4"
"1071","2023-06-10","1","2","11","21","30","35","5","100","34","4개","4개","90~119","1쌍","4종류","2개","2 · 1 · 2 · 1 · 0","30~39","합계 90~119 / 홀수 4 / 연속쌍 1","합계 90~119 / 홀수 4 / 22이하 4"
"1072","2023-06-17","16","18","20","23","32","43","12","152","27","2개","3개","150~179","0쌍","5종류","2개","0 · 3 · 1 · 1 · 1","20~29","합계 150~179 / 홀수 2 / 연속쌍 0","합계 150~179 / 홀수 2 / 22이하 3"
"1073","2023-06-24","6","18","28","30","32","38","11","152","32","0개","2개","150~179","0쌍","4종류","0개","1 · 1 · 2 · 2 · 0","30~39","합계 150~179 / 홀수 0 / 연속쌍 0","합계 150~179 / 홀수 0 / 22이하 2"
"1074","2023-07-01","1","6","20","27","28","41","12","123","40","3개","3개","120~149","1쌍","5종류","1개","2 · 1 · 2 · 0 · 1","40~44","합계 120~149 / 홀수 3 / 연속쌍 1","합계 120~149 / 홀수 3 / 22이하 3"
"1075","2023-07-08","1","23","24","35","44","45","9","172","44","4개","1개","150~179","2쌍","4종류","1개","1 · 0 · 2 · 1 · 2","40~44","합계 150~179 / 홀수 4 / 연속쌍 2","합계 150~179 / 홀수 4 / 22이하 1"
"1076","2023-07-15","3","7","9","33","36","37","9","125","34","5개","3개","120~149","1쌍","4종류","3개","3 · 0 · 0 · 3 · 0","30~39","합계 120~149 / 홀수 5 / 연속쌍 1","합계 120~149 / 홀수 5 / 22이하 3"
"1077","2023-07-22","4","8","17","30","40","43","7","142","39","2개","3개","120~149","0쌍","5종류","2개","2 · 1 · 1 · 1 · 1","30~39","합계 120~149 / 홀수 2 / 연속쌍 0","합계 120~149 / 홀수 2 / 22이하 3"
"1078","2023-07-29","6","10","11","14","36","38","12","115","32","1개","4개","90~119","1쌍","5종류","1개","2 · 2 · 0 · 2 · 0","30~39","합계 90~119 / 홀수 1 / 연속쌍 1","합계 90~119 / 홀수 1 / 22이하 4"
"1079","2023-08-05","4","8","18","24","37","45","9","136","41","2개","3개","120~149","0쌍","4종류","1개","2 · 1 · 1 · 1 · 1","40~44","합계 120~149 / 홀수 2 / 연속쌍 0","합계 120~149 / 홀수 2 / 22이하 3"
"1080","2023-08-12","13","16","23","31","36","44","7","163","31","3개","2개","150~179","0쌍","4종류","3개","0 · 2 · 1 · 2 · 1","30~39","합계 150~179 / 홀수 3 / 연속쌍 0","합계 150~179 / 홀수 3 / 22이하 2"
"1081","2023-08-19","1","9","16","23","24","38","11","111","37","3개","3개","90~119","1쌍","6종류","1개","2 · 1 · 2 · 1 · 0","30~39","합계 90~119 / 홀수 3 / 연속쌍 1","합계 90~119 / 홀수 3 / 22이하 3"
"1082","2023-08-26","21","26","27","32","34","42","7","182","21","2개","1개","180~255","1쌍","5종류","0개","0 · 0 · 3 · 2 · 1","20~29","합계 180~255 / 홀수 2 / 연속쌍 1","합계 180~255 / 홀수 2 / 22이하 1"
"1083","2023-09-02","3","7","14","15","22","38","15","99","35","3개","5개","90~119","1쌍","6종류","2개","2 · 2 · 1 · 1 · 0","30~39","합계 90~119 / 홀수 3 / 연속쌍 1","합계 90~119 / 홀수 3 / 22이하 5"
"1084","2023-09-09","8","12","13","29","33","42","15","137","34","3개","3개","120~149","1쌍","4종류","2개","1 · 2 · 1 · 1 · 1","30~39","합계 120~149 / 홀수 3 / 연속쌍 1","합계 120~149 / 홀수 3 / 22이하 3"
"1085","2023-09-16","4","7","17","18","38","44","23","128","40","2개","4개","120~149","1쌍","3종류","2개","2 · 2 · 0 · 1 · 1","40~44","합계 120~149 / 홀수 2 / 연속쌍 1","합계 120~149 / 홀수 2 / 22이하 4"
"1086","2023-09-23","11","16","25","27","35","36","17","150","25","4개","2개","150~179","1쌍","4종류","1개","0 · 2 · 2 · 2 · 0","20~29","합계 150~179 / 홀수 4 / 연속쌍 1","합계 150~179 / 홀수 4 / 22이하 2"
"1087","2023-09-30","13","14","18","21","34","44","16","144","31","2개","4개","120~149","1쌍","4종류","1개","0 · 3 · 1 · 1 · 1","30~39","합계 120~149 / 홀수 2 / 연속쌍 1","합계 120~149 / 홀수 2 / 22이하 4"
"1088","2023-10-07","11","21","22","30","39","44","11","167","33","3개","3개","150~179","1쌍","5종류","1개","0 · 1 · 3 · 1 · 1","30~39","합계 150~179 / 홀수 3 / 연속쌍 1","합계 150~179 / 홀수 3 / 22이하 3"
"1089","2023-10-14","4","18","31","37","42","43","9","175","39","3개","2개","150~179","1쌍","6종류","3개","1 · 1 · 0 · 2 · 2","30~39","합계 150~179 / 홀수 3 / 연속쌍 1","합계 150~179 / 홀수 3 / 22이하 2"
"1090","2023-10-21","12","19","21","29","40","45","11","166","33","4개","3개","150~179","0쌍","5종류","2개","0 · 2 · 2 · 1 · 1","30~39","합계 150~179 / 홀수 4 / 연속쌍 0","합계 150~179 / 홀수 4 / 22이하 3"
"1091","2023-10-28","6","20","23","24","28","30","9","131","24","1개","2개","120~149","1쌍","5종류","1개","1 · 1 · 4 · 0 · 0","20~29","합계 120~149 / 홀수 1 / 연속쌍 1","합계 120~149 / 홀수 1 / 22이하 2"
"1092","2023-11-04","7","18","19","26","33","45","16","148","38","4개","3개","120~149","1쌍","6종류","2개","1 · 2 · 1 · 1 · 1","30~39","합계 120~149 / 홀수 4 / 연속쌍 1","합계 120~149 / 홀수 4 / 22이하 3"
"1093","2023-11-11","10","17","22","30","35","43","13","157","33","3개","3개","150~179","0쌍","5종류","2개","1 · 1 · 2 · 1 · 1","30~39","합계 150~179 / 홀수 3 / 연속쌍 0","합계 150~179 / 홀수 3 / 22이하 3"
"1094","2023-11-18","6","7","15","22","26","40","12","116","34","2개","4개","90~119","1쌍","5종류","1개","2 · 1 · 2 · 1 · 0","30~39","합계 90~119 / 홀수 2 / 연속쌍 1","합계 90~119 / 홀수 2 / 22이하 4"
"1095","2023-11-25","8","14","28","29","34","40","10","153","32","1개","2개","150~179","1쌍","4종류","1개","1 · 1 · 2 · 2 · 0","30~39","합계 150~179 / 홀수 1 / 연속쌍 1","합계 150~179 / 홀수 1 / 22이하 2"
"1096","2023-12-02","1","12","16","19","23","43","10","114","42","4개","4개","90~119","0쌍","5종류","3개","1 · 3 · 1 · 0 · 1","40~44","합계 90~119 / 홀수 4 / 연속쌍 0","합계 90~119 / 홀수 4 / 22이하 4"
"1097","2023-12-09","14","33","34","35","37","40","7","193","26","3개","1개","180~255","2쌍","5종류","1개","0 · 1 · 0 · 5 · 0","20~29","합계 180~255 / 홀수 3 / 연속쌍 2","합계 180~255 / 홀수 3 / 22이하 1"
"1098","2023-12-16","12","16","21","24","41","43","13","157","31","3개","3개","150~179","0쌍","5종류","2개","0 · 2 · 2 · 0 · 2","30~39","합계 150~179 / 홀수 3 / 연속쌍 0","합계 150~179 / 홀수 3 / 22이하 3"
"1099","2023-12-23","3","20","28","38","40","43","9","172","40","2개","2개","150~179","0쌍","3종류","2개","1 · 1 · 1 · 2 · 1","40~44","합계 150~179 / 홀수 2 / 연속쌍 0","합계 150~179 / 홀수 2 / 22이하 2"
"1100","2023-12-30","17","26","29","30","31","43","13","176","26","4개","1개","150~179","2쌍","6종류","4개","0 · 1 · 3 · 1 · 1","20~29","합계 150~179 / 홀수 4 / 연속쌍 2","합계 150~179 / 홀수 4 / 22이하 1"
"1101","2024-01-06","6","7","13","28","36","42","13","132","36","2개","3개","120~149","1쌍","5종류","2개","2 · 1 · 1 · 1 · 1","30~39","합계 120~149 / 홀수 2 / 연속쌍 1","합계 120~149 / 홀수 2 / 22이하 3"
"1102","2024-01-13","13","14","22","26","37","38","20","150","25","2개","3개","150~179","2쌍","6종류","2개","0 · 2 · 2 · 2 · 0","20~29","합계 150~179 / 홀수 2 / 연속쌍 2","합계 150~179 / 홀수 2 / 22이하 3"
"1103","2024-01-20","10","12","29","31","40","44","17","166","34","2개","2개","150~179","0쌍","5종류","2개","1 · 1 · 1 · 2 · 1","30~39","합계 150~179 / 홀수 2 / 연속쌍 0","합계 150~179 / 홀수 2 / 22이하 2"
"1104","2024-01-27","1","7","21","30","35","38","15","132","37","4개","3개","120~149","0쌍","5종류","1개","2 · 0 · 2 · 2 · 0","30~39","합계 120~149 / 홀수 4 / 연속쌍 0","합계 120~149 / 홀수 4 / 22이하 3"
"1105","2024-02-03","6","16","34","37","39","40","15","172","34","2개","2개","150~179","1쌍","5종류","1개","1 · 1 · 0 · 4 · 0","30~39","합계 150~179 / 홀수 2 / 연속쌍 1","합계 150~179 / 홀수 2 / 22이하 2"
"1106","2024-02-10","1","3","4","29","42","45","11","124","44","4개","3개","120~149","1쌍","6종류","2개","3 · 0 · 1 · 0 · 2","40~44","합계 120~149 / 홀수 4 / 연속쌍 1","합계 120~149 / 홀수 4 / 22이하 3"
"1107","2024-02-17","6","14","30","31","40","41","14","162","35","2개","2개","150~179","2쌍","4종류","2개","1 · 1 · 1 · 2 · 1","30~39","합계 150~179 / 홀수 2 / 연속쌍 2","합계 150~179 / 홀수 2 / 22이하 2"
"1108","2024-02-24","7","19","26","37","39","44","14","172","37","4개","2개","150~179","0쌍","4종류","3개","1 · 1 · 1 · 2 · 1","30~39","합계 150~179 / 홀수 4 / 연속쌍 0","합계 150~179 / 홀수 4 / 22이하 2"
"1109","2024-03-02","10","12","13","19","33","40","17","127","30","3개","4개","120~149","1쌍","4종류","2개","1 · 3 · 0 · 2 · 0","30~39","합계 120~149 / 홀수 3 / 연속쌍 1","합계 120~149 / 홀수 3 / 22이하 4"
"1110","2024-03-09","3","7","11","20","22","41","16","104","38","4개","5개","90~119","0쌍","5종류","4개","2 · 2 · 1 · 0 · 1","30~39","합계 90~119 / 홀수 4 / 연속쌍 0","합계 90~119 / 홀수 4 / 22이하 5"
"1111","2024-03-16","3","13","30","33","43","45","16","167","42","5개","2개","150~179","0쌍","3종류","3개","1 · 1 · 1 · 1 · 2","40~44","합계 150~179 / 홀수 5 / 연속쌍 0","합계 150~179 / 홀수 5 / 22이하 2"
"1112","2024-03-23","16","20","26","36","42","44","10","184","28","0개","2개","180~255","0쌍","4종류","0개","0 · 2 · 1 · 1 · 2","20~29","합계 180~255 / 홀수 0 / 연속쌍 0","합계 180~255 / 홀수 0 / 22이하 2"
"1113","2024-03-30","11","13","20","21","32","44","14","141","33","3개","4개","120~149","1쌍","5종류","2개","0 · 3 · 1 · 1 · 1","30~39","합계 120~149 / 홀수 3 / 연속쌍 1","합계 120~149 / 홀수 3 / 22이하 4"
"1114","2024-04-06","10","16","19","32","33","38","17","148","28","2개","3개","120~149","1쌍","6종류","1개","1 · 2 · 0 · 3 · 0","20~29","합계 120~149 / 홀수 2 / 연속쌍 1","합계 120~149 / 홀수 2 / 22이하 3"
"1115","2024-04-13","7","12","23","32","34","36","12","144","29","2개","2개","120~149","0쌍","5종류","2개","1 · 1 · 1 · 3 · 0","20~29","합계 120~149 / 홀수 2 / 연속쌍 0","합계 120~149 / 홀수 2 / 22이하 2"
"1116","2024-04-20","15","16","17","25","30","31","10","134","16","4개","3개","120~149","3쌍","5종류","2개","0 · 3 · 2 · 1 · 0","0~19","합계 120~149 / 홀수 4 / 연속쌍 3","합계 120~149 / 홀수 4 / 22이하 3"
"1117","2024-04-27","3","4","9","30","33","36","9","115","33","3개","3개","90~119","1쌍","5종류","1개","3 · 0 · 1 · 2 · 0","30~39","합계 90~119 / 홀수 3 / 연속쌍 1","합계 90~119 / 홀수 3 / 22이하 3"
"1118","2024-05-04","11","13","14","15","16","45","19","114","34","4개","5개","90~119","3쌍","5종류","2개","0 · 5 · 0 · 0 · 1","30~39","합계 90~119 / 홀수 4 / 연속쌍 3","합계 90~119 / 홀수 4 / 22이하 5"
"1119","2024-05-11","1","9","12","13","20","45","19","100","44","4개","5개","90~119","1쌍","6종류","1개","2 · 3 · 0 · 0 · 1","40~44","합계 90~119 / 홀수 4 / 연속쌍 1","합계 90~119 / 홀수 4 / 22이하 5"
"1120","2024-05-18","2","19","26","31","38","41","11","157","39","3개","2개","150~179","0쌍","5종류","4개","1 · 1 · 1 · 2 · 1","30~39","합계 150~179 / 홀수 3 / 연속쌍 0","합계 150~179 / 홀수 3 / 22이하 2"
"1121","2024-05-25","6","24","31","32","38","44","11","175","38","1개","1개","150~179","1쌍","5종류","1개","1 · 0 · 1 · 3 · 1","30~39","합계 150~179 / 홀수 1 / 연속쌍 1","합계 150~179 / 홀수 1 / 22이하 1"
"1122","2024-06-01","3","6","21","30","34","35","11","129","32","3개","3개","120~149","1쌍","6종류","1개","2 · 0 · 2 · 2 · 0","30~39","합계 120~149 / 홀수 3 / 연속쌍 1","합계 120~149 / 홀수 3 / 22이하 3"
"1123","2024-06-08","13","19","21","24","34","35","16","146","22","4개","3개","120~149","1쌍","5종류","2개","0 · 2 · 2 · 2 · 0","20~29","합계 120~149 / 홀수 4 / 연속쌍 1","합계 120~149 / 홀수 4 / 22이하 3"
"1124","2024-06-15","3","8","17","30","33","34","10","125","31","3개","3개","120~149","1쌍","5종류","2개","2 · 1 · 1 · 2 · 0","30~39","합계 120~149 / 홀수 3 / 연속쌍 1","합계 120~149 / 홀수 3 / 22이하 3"
"1125","2024-06-22","6","14","25","33","40","44","12","162","38","2개","2개","150~179","0쌍","5종류","0개","1 · 1 · 1 · 2 · 1","30~39","합계 150~179 / 홀수 2 / 연속쌍 0","합계 150~179 / 홀수 2 / 22이하 2"
"1126","2024-06-29","4","5","9","11","37","40","11","106","36","4개","4개","90~119","1쌍","6종류","3개","3 · 1 · 0 · 2 · 0","30~39","합계 90~119 / 홀수 4 / 연속쌍 1","합계 90~119 / 홀수 4 / 22이하 4"
"1127","2024-07-06","10","15","24","30","31","37","12","147","27","3개","2개","120~149","1쌍","5종류","2개","1 · 1 · 2 · 2 · 0","20~29","합계 120~149 / 홀수 3 / 연속쌍 1","합계 120~149 / 홀수 3 / 22이하 2"
"1128","2024-07-13","1","5","8","16","28","33","63","91","32","3개","4개","90~119","0쌍","5종류","1개","3 · 1 · 1 · 1 · 0","30~39","합계 90~119 / 홀수 3 / 연속쌍 0","합계 90~119 / 홀수 3 / 22이하 4"
"1129","2024-07-20","5","10","11","17","28","34","11","105","29","3개","4개","90~119","1쌍","6종류","3개","2 · 2 · 1 · 1 · 0","20~29","합계 90~119 / 홀수 3 / 연속쌍 1","합계 90~119 / 홀수 3 / 22이하 4"
"1130","2024-07-27","15","19","21","25","27","28","12","135","13","5개","3개","120~149","1쌍","5종류","1개","0 · 2 · 4 · 0 · 0","0~19","합계 120~149 / 홀수 5 / 연속쌍 1","합계 120~149 / 홀수 5 / 22이하 3"
"1131","2024-08-03","1","2","6","14","27","38","17","88","37","2개","4개","21~89","1쌍","6종류","1개","3 · 1 · 1 · 1 · 0","30~39","합계 21~89 / 홀수 2 / 연속쌍 1","합계 21~89 / 홀수 2 / 22이하 4"
"1132","2024-08-10","6","7","19","28","34","41","11","135","35","3개","3개","120~149","1쌍","6종류","3개","2 · 1 · 1 · 1 · 1","30~39","합계 120~149 / 홀수 3 / 연속쌍 1","합계 120~149 / 홀수 3 / 22이하 3"
"1133","2024-08-17","13","14","20","28","29","34","13","138","21","2개","3개","120~149","2쌍","5종류","2개","0 · 3 · 2 · 1 · 0","20~29","합계 120~149 / 홀수 2 / 연속쌍 2","합계 120~149 / 홀수 2 / 22이하 3"
"1134","2024-08-24","3","7","9","13","19","24","14","75","21","5개","5개","21~89","0쌍","4종류","4개","3 · 2 · 1 · 0 · 0","20~29","합계 21~89 / 홀수 5 / 연속쌍 0","합계 21~89 / 홀수 5 / 22이하 5"
"1135","2024-08-31","1","6","13","19","21","33","9","93","32","5개","5개","90~119","0쌍","4종류","2개","2 · 2 · 1 · 1 · 0","30~39","합계 90~119 / 홀수 5 / 연속쌍 0","합계 90~119 / 홀수 5 / 22이하 5"
"1136","2024-09-07","21","33","35","38","42","44","12","213","23","3개","1개","180~255","0쌍","6종류","0개","0 · 0 · 1 · 3 · 2","20~29","합계 180~255 / 홀수 3 / 연속쌍 0","합계 180~255 / 홀수 3 / 22이하 1"
"1137","2024-09-14","4","9","12","15","33","45","14","118","41","4개","4개","90~119","0쌍","5종류","0개","2 · 2 · 0 · 1 · 1","40~44","합계 90~119 / 홀수 4 / 연속쌍 0","합계 90~119 / 홀수 4 / 22이하 4"
"1138","2024-09-21","14","16","19","20","29","34","14","132","20","2개","4개","120~149","1쌍","4종류","2개","0 · 4 · 1 · 1 · 0","20~29","합계 120~149 / 홀수 2 / 연속쌍 1","합계 120~149 / 홀수 2 / 22이하 4"
"1139","2024-09-28","5","12","15","30","37","40","13","139","35","3개","3개","120~149","0쌍","4종류","2개","1 · 2 · 1 · 2 · 0","30~39","합계 120~149 / 홀수 3 / 연속쌍 0","합계 120~149 / 홀수 3 / 22이하 3"
"1140","2024-10-05","7","10","22","29","31","38","12","137","31","3개","3개","120~149","0쌍","6종류","3개","2 · 0 · 2 · 2 · 0","30~39","합계 120~149 / 홀수 3 / 연속쌍 0","합계 120~149 / 홀수 3 / 22이하 3"
"1141","2024-10-12","7","11","12","21","26","35","11","112","28","4개","4개","90~119","1쌍","5종류","2개","1 · 2 · 2 · 1 · 0","20~29","합계 90~119 / 홀수 4 / 연속쌍 1","합계 90~119 / 홀수 4 / 22이하 4"
"1142","2024-10-19","2","8","28","30","37","41","9","146","39","2개","2개","120~149","0쌍","5종류","3개","2 · 0 · 2 · 1 · 1","30~39","합계 120~149 / 홀수 2 / 연속쌍 0","합계 120~149 / 홀수 2 / 22이하 2"
"1143","2024-10-26","10","16","17","27","28","36","11","134","26","2개","3개","120~149","2쌍","4종류","1개","1 · 2 · 2 · 1 · 0","20~29","합계 120~149 / 홀수 2 / 연속쌍 2","합계 120~149 / 홀수 2 / 22이하 3"
"1144","2024-11-02","3","4","12","15","26","34","18","94","31","2개","4개","90~119","1쌍","5종류","1개","2 · 2 · 1 · 1 · 0","30~39","합계 90~119 / 홀수 2 / 연속쌍 1","합계 90~119 / 홀수 2 / 22이하 4"
"1145","2024-11-09","2","11","31","33","37","44","9","158","42","4개","2개","150~179","0쌍","5종류","4개","1 · 1 · 0 · 3 · 1","40~44","합계 150~179 / 홀수 4 / 연속쌍 0","합계 150~179 / 홀수 4 / 22이하 2"
"1146","2024-11-16","6","11","17","19","40","43","11","136","37","4개","4개","120~149","0쌍","6종류","4개","1 · 3 · 0 · 1 · 1","30~39","합계 120~149 / 홀수 4 / 연속쌍 0","합계 120~149 / 홀수 4 / 22이하 4"
"1147","2024-11-23","7","11","24","26","27","37","8","132","30","4개","2개","120~149","1쌍","4종류","3개","1 · 1 · 3 · 1 · 0","30~39","합계 120~149 / 홀수 4 / 연속쌍 1","합계 120~149 / 홀수 4 / 22이하 2"
"1148","2024-11-30","3","6","13","15","16","22","13","75","19","3개","6개","21~89","1쌍","4종류","2개","2 · 3 · 1 · 0 · 0","0~19","합계 21~89 / 홀수 3 / 연속쌍 1","합계 21~89 / 홀수 3 / 22이하 6"
"1149","2024-12-07","8","15","19","21","32","36","17","131","28","3개","4개","120~149","0쌍","6종류","1개","1 · 2 · 1 · 2 · 0","20~29","합계 120~149 / 홀수 3 / 연속쌍 0","합계 120~149 / 홀수 3 / 22이하 4"
"1150","2024-12-14","8","9","18","35","39","45","17","154","37","4개","3개","150~179","1쌍","3종류","0개","2 · 1 · 0 · 2 · 1","30~39","합계 150~179 / 홀수 4 / 연속쌍 1","합계 150~179 / 홀수 4 / 22이하 3"
"1151","2024-12-21","2","3","9","15","27","29","17","85","27","5개","4개","21~89","1쌍","5종류","3개","3 · 1 · 2 · 0 · 0","20~29","합계 21~89 / 홀수 5 / 연속쌍 1","합계 21~89 / 홀수 5 / 22이하 4"
"1152","2024-12-28","30","31","32","35","36","37","35","201","7","3개","0개","180~255","4쌍","6종류","2개","0 · 0 · 1 · 5 · 0","0~19","합계 180~255 / 홀수 3 / 연속쌍 4","합계 180~255 / 홀수 3 / 22이하 0"
"1153","2025-01-04","1","9","10","13","35","44","15","112","43","4개","4개","90~119","1쌍","6종류","1개","3 · 1 · 0 · 1 · 1","40~44","합계 90~119 / 홀수 4 / 연속쌍 1","합계 90~119 / 홀수 4 / 22이하 4"
"1154","2025-01-11","4","8","22","26","32","38","15","130","34","0개","3개","120~149","0쌍","4종류","0개","2 · 0 · 2 · 2 · 0","30~39","합계 120~149 / 홀수 0 / 연속쌍 0","합계 120~149 / 홀수 0 / 22이하 3"
"1155","2025-01-18","10","16","19","27","37","38","7","147","28","3개","3개","120~149","1쌍","5종류","2개","1 · 2 · 1 · 2 · 0","20~29","합계 120~149 / 홀수 3 / 연속쌍 1","합계 120~149 / 홀수 3 / 22이하 3"
"1156","2025-01-25","30","31","34","39","41","45","21","220","15","4개","0개","180~255","1쌍","5종류","2개","0 · 0 · 1 · 3 · 2","0~19","합계 180~255 / 홀수 4 / 연속쌍 1","합계 180~255 / 홀수 4 / 22이하 0"
"1157","2025-02-01","5","7","12","20","25","26","12","95","21","3개","4개","90~119","1쌍","5종류","2개","2 · 2 · 2 · 0 · 0","20~29","합계 90~119 / 홀수 3 / 연속쌍 1","합계 90~119 / 홀수 3 / 22이하 4"
"1158","2025-02-08","21","25","27","32","37","38","21","180","17","4개","1개","180~255","1쌍","5종류","1개","0 · 0 · 3 · 3 · 0","0~19","합계 180~255 / 홀수 4 / 연속쌍 1","합계 180~255 / 홀수 4 / 22이하 1"
"1159","2025-02-15","3","9","27","28","38","39","23","144","36","4개","2개","120~149","2쌍","4종류","1개","2 · 0 · 2 · 2 · 0","30~39","합계 120~149 / 홀수 4 / 연속쌍 2","합계 120~149 / 홀수 4 / 22이하 2"
"1160","2025-02-22","7","13","18","36","39","45","12","158","38","4개","3개","150~179","0쌍","6종류","2개","1 · 2 · 0 · 2 · 1","30~39","합계 150~179 / 홀수 4 / 연속쌍 0","합계 150~179 / 홀수 4 / 22이하 3"
"1161","2025-03-01","2","12","20","24","34","42","16","134","40","0개","3개","120~149","0쌍","3종류","1개","1 · 2 · 1 · 1 · 1","40~44","합계 120~149 / 홀수 0 / 연속쌍 0","합계 120~149 / 홀수 0 / 22이하 3"
"1162","2025-03-08","20","21","22","25","28","29","36","145","9","3개","3개","120~149","3쌍","6종류","1개","0 · 1 · 5 · 0 · 0","0~19","합계 120~149 / 홀수 3 / 연속쌍 3","합계 120~149 / 홀수 3 / 22이하 3"
"1163","2025-03-15","2","13","15","16","33","43","15","122","41","4개","4개","120~149","1쌍","4종류","3개","1 · 3 · 0 · 1 · 1","40~44","합계 120~149 / 홀수 4 / 연속쌍 1","합계 120~149 / 홀수 4 / 22이하 4"
"1164","2025-03-22","17","18","23","25","38","39","13","160","22","4개","2개","150~179","2쌍","5종류","2개","0 · 2 · 2 · 2 · 0","20~29","합계 150~179 / 홀수 4 / 연속쌍 2","합계 150~179 / 홀수 4 / 22이하 2"
"1165","2025-03-29","6","7","27","29","38","45","13","152","39","4개","2개","150~179","1쌍","5종류","2개","2 · 0 · 2 · 1 · 1","30~39","합계 150~179 / 홀수 4 / 연속쌍 1","합계 150~179 / 홀수 4 / 22이하 2"
"1166","2025-04-05","14","23","25","27","29","42","14","160","28","4개","1개","150~179","0쌍","6종류","2개","0 · 1 · 4 · 0 · 1","20~29","합계 150~179 / 홀수 4 / 연속쌍 0","합계 150~179 / 홀수 4 / 22이하 1"
"1167","2025-04-12","8","23","31","35","39","40","10","176","32","4개","1개","150~179","1쌍","6종류","2개","1 · 0 · 1 · 4 · 0","30~39","합계 150~179 / 홀수 4 / 연속쌍 1","합계 150~179 / 홀수 4 / 22이하 1"
"1168","2025-04-19","9","21","24","30","33","37","13","154","28","4개","2개","150~179","0쌍","6종류","1개","1 · 0 · 3 · 2 · 0","20~29","합계 150~179 / 홀수 4 / 연속쌍 0","합계 150~179 / 홀수 4 / 22이하 2"
"1169","2025-04-26","5","12","24","26","39","42","10","148","37","2개","2개","120~149","0쌍","5종류","1개","1 · 1 · 2 · 1 · 1","30~39","합계 120~149 / 홀수 2 / 연속쌍 0","합계 120~149 / 홀수 2 / 22이하 2"
"1170","2025-05-03","3","13","28","34","38","42","20","158","39","2개","2개","150~179","0쌍","4종류","2개","1 · 1 · 1 · 2 · 1","30~39","합계 150~179 / 홀수 2 / 연속쌍 0","합계 150~179 / 홀수 2 / 22이하 2"
"1171","2025-05-10","3","6","7","11","12","17","21","56","14","4개","6개","21~89","2쌍","5종류","4개","3 · 3 · 0 · 0 · 0","0~19","합계 21~89 / 홀수 4 / 연속쌍 2","합계 21~89 / 홀수 4 / 22이하 6"
"1172","2025-05-17","7","9","24","40","42","44","13","166","37","2개","2개","150~179","0쌍","5종류","1개","2 · 0 · 1 · 1 · 2","30~39","합계 150~179 / 홀수 2 / 연속쌍 0","합계 150~179 / 홀수 2 / 22이하 2"
"1173","2025-05-24","1","5","18","20","30","35","24","109","34","3개","4개","90~119","0쌍","4종류","1개","2 · 2 · 1 · 1 · 0","30~39","합계 90~119 / 홀수 3 / 연속쌍 0","합계 90~119 / 홀수 3 / 22이하 4"
"1174","2025-05-31","8","11","14","17","36","39","15","125","31","3개","4개","120~149","0쌍","6종류","2개","1 · 3 · 0 · 2 · 0","30~39","합계 120~149 / 홀수 3 / 연속쌍 0","합계 120~149 / 홀수 3 / 22이하 4"
"1175","2025-06-07","3","4","6","8","32","42","20","95","39","1개","4개","90~119","1쌍","5종류","1개","4 · 0 · 0 · 1 · 1","30~39","합계 90~119 / 홀수 1 / 연속쌍 1","합계 90~119 / 홀수 1 / 22이하 4"
"1176","2025-06-14","7","9","11","21","30","35","13","113","28","5개","4개","90~119","0쌍","5종류","2개","2 · 1 · 2 · 1 · 0","20~29","합계 90~119 / 홀수 5 / 연속쌍 0","합계 90~119 / 홀수 5 / 22이하 4"
"1177","2025-06-21","3","7","15","16","19","43","6","103","40","5개","5개","90~119","1쌍","5종류","4개","2 · 3 · 0 · 0 · 1","40~44","합계 90~119 / 홀수 5 / 연속쌍 1","합계 90~119 / 홀수 5 / 22이하 5"
"1178","2025-06-28","5","6","11","27","43","44","12","136","39","4개","3개","120~149","2쌍","6종류","3개","2 · 1 · 1 · 0 · 2","30~39","합계 120~149 / 홀수 4 / 연속쌍 2","합계 120~149 / 홀수 4 / 22이하 3"
"1179","2025-07-05","3","16","18","24","40","44","13","145","41","1개","3개","120~149","0쌍","5종류","1개","1 · 2 · 1 · 1 · 1","40~44","합계 120~149 / 홀수 1 / 연속쌍 0","합계 120~149 / 홀수 1 / 22이하 3"
"1180","2025-07-12","6","12","18","37","40","41","11","154","35","2개","3개","150~179","1쌍","6종류","2개","1 · 2 · 0 · 2 · 1","30~39","합계 150~179 / 홀수 2 / 연속쌍 1","합계 150~179 / 홀수 2 / 22이하 3"
"1181","2025-07-19","8","10","14","20","33","41","17","126","33","2개","4개","120~149","0쌍","5종류","1개","2 · 2 · 0 · 1 · 1","30~39","합계 120~149 / 홀수 2 / 연속쌍 0","합계 120~149 / 홀수 2 / 22이하 4"
"1182","2025-07-26","1","13","21","25","28","31","13","119","30","5개","3개","90~119","0쌍","4종류","2개","1 · 1 · 3 · 1 · 0","30~39","합계 90~119 / 홀수 5 / 연속쌍 0","합계 90~119 / 홀수 5 / 22이하 3"
"1183","2025-08-02","4","15","17","23","27","36","13","122","32","4개","3개","120~149","0쌍","5종류","2개","1 · 2 · 2 · 1 · 0","30~39","합계 120~149 / 홀수 4 / 연속쌍 0","합계 120~149 / 홀수 4 / 22이하 3"
"1184","2025-08-09","14","16","23","25","31","37","15","146","23","4개","2개","120~149","0쌍","6종류","3개","0 · 2 · 2 · 2 · 0","20~29","합계 120~149 / 홀수 4 / 연속쌍 0","합계 120~149 / 홀수 4 / 22이하 2"
"1185","2025-08-16","6","17","22","28","29","32","12","134","26","2개","3개","120~149","1쌍","5종류","2개","1 · 1 · 3 · 1 · 0","20~29","합계 120~149 / 홀수 2 / 연속쌍 1","합계 120~149 / 홀수 2 / 22이하 3"
"1186","2025-08-23","2","8","13","16","23","28","14","90","26","2개","4개","90~119","0쌍","4종류","3개","2 · 2 · 2 · 0 · 0","20~29","합계 90~119 / 홀수 2 / 연속쌍 0","합계 90~119 / 홀수 2 / 22이하 4"
"1187","2025-08-30","5","13","26","29","37","40","11","150","35","4개","2개","150~179","0쌍","6종류","4개","1 · 1 · 2 · 2 · 0","30~39","합계 150~179 / 홀수 4 / 연속쌍 0","합계 150~179 / 홀수 4 / 22이하 2"
"1188","2025-09-06","3","4","12","19","22","27","24","87","24","3개","5개","21~89","1쌍","5종류","2개","2 · 2 · 2 · 0 · 0","20~29","합계 21~89 / 홀수 3 / 연속쌍 1","합계 21~89 / 홀수 3 / 22이하 5"
"1189","2025-09-13","9","19","29","35","37","38","13","167","29","5개","2개","150~179","1쌍","4종류","3개","1 · 1 · 1 · 3 · 0","20~29","합계 150~179 / 홀수 5 / 연속쌍 1","합계 150~179 / 홀수 5 / 22이하 2"
"1190","2025-09-20","7","9","19","23","26","45","6","129","38","5개","3개","120~149","0쌍","5종류","3개","2 · 1 · 2 · 0 · 1","30~39","합계 120~149 / 홀수 5 / 연속쌍 0","합계 120~149 / 홀수 5 / 22이하 3"
"1191","2025-09-27","1","4","11","12","20","41","18","89","40","3개","5개","21~89","1쌍","4종류","2개","2 · 3 · 0 · 0 · 1","40~44","합계 21~89 / 홀수 3 / 연속쌍 1","합계 21~89 / 홀수 3 / 22이하 5"
"1192","2025-10-04","10","16","23","36","39","40","29","164","30","2개","2개","150~179","1쌍","4종류","1개","1 · 1 · 1 · 3 · 0","30~39","합계 150~179 / 홀수 2 / 연속쌍 1","합계 150~179 / 홀수 2 / 22이하 2"
"1193","2025-10-11","6","9","16","19","24","28","16","102","22","2개","4개","90~119","0쌍","4종류","1개","2 · 2 · 2 · 0 · 0","20~29","합계 90~119 / 홀수 2 / 연속쌍 0","합계 90~119 / 홀수 2 / 22이하 4"
"1194","2025-10-18","3","13","15","24","33","37","28","125","34","5개","3개","120~149","0쌍","4종류","3개","1 · 2 · 1 · 2 · 0","30~39","합계 120~149 / 홀수 5 / 연속쌍 0","합계 120~149 / 홀수 5 / 22이하 3"
"1195","2025-10-25","3","15","27","33","34","36","10","148","33","4개","2개","120~149","1쌍","5종류","1개","1 · 1 · 1 · 3 · 0","30~39","합계 120~149 / 홀수 4 / 연속쌍 1","합계 120~149 / 홀수 4 / 22이하 2"
"1196","2025-11-01","8","12","15","29","40","45","15","149","37","3개","3개","120~149","0쌍","5종류","1개","1 · 2 · 1 · 1 · 1","30~39","합계 120~149 / 홀수 3 / 연속쌍 0","합계 120~149 / 홀수 3 / 22이하 3"
"1197","2025-11-08","1","5","7","26","28","43","13","110","42","4개","3개","90~119","0쌍","6종류","3개","3 · 0 · 2 · 0 · 1","40~44","합계 90~119 / 홀수 4 / 연속쌍 0","합계 90~119 / 홀수 4 / 22이하 3"
"1198","2025-11-15","26","30","33","38","39","41","10","207","15","3개","0개","180~255","1쌍","6종류","1개","0 · 0 · 2 · 3 · 1","0~19","합계 180~255 / 홀수 3 / 연속쌍 1","합계 180~255 / 홀수 3 / 22이하 0"
"1199","2025-11-22","16","24","25","30","31","32","17","158","16","2개","1개","150~179","3쌍","6종류","1개","0 · 1 · 3 · 2 · 0","0~19","합계 150~179 / 홀수 2 / 연속쌍 3","합계 150~179 / 홀수 2 / 22이하 1"
"1200","2025-11-29","1","2","4","16","20","32","12","75","31","1개","5개","21~89","1쌍","5종류","1개","3 · 2 · 0 · 1 · 0","30~39","합계 21~89 / 홀수 1 / 연속쌍 1","합계 21~89 / 홀수 1 / 22이하 5"
"1201","2025-12-06","7","9","24","27","35","36","19","138","29","4개","2개","120~149","1쌍","5종류","1개","2 · 0 · 2 · 2 · 0","20~29","합계 120~149 / 홀수 4 / 연속쌍 1","합계 120~149 / 홀수 4 / 22이하 2"
"1202","2025-12-13","5","12","21","33","37","40","14","148","35","4개","3개","120~149","0쌍","6종류","2개","1 · 1 · 1 · 3 · 0","30~39","합계 120~149 / 홀수 4 / 연속쌍 0","합계 120~149 / 홀수 4 / 22이하 3"
"1203","2025-12-20","3","6","18","29","35","39","21","130","36","4개","3개","120~149","0쌍","5종류","2개","2 · 1 · 1 · 2 · 0","30~39","합계 120~149 / 홀수 4 / 연속쌍 0","합계 120~149 / 홀수 4 / 22이하 3"
"1204","2025-12-27","8","16","28","30","31","44","18","157","36","1개","2개","150~179","1쌍","5종류","1개","1 · 1 · 2 · 1 · 1","30~39","합계 150~179 / 홀수 1 / 연속쌍 1","합계 150~179 / 홀수 1 / 22이하 2"
"1205","2026-01-03","1","4","16","23","31","41","10","116","40","4개","3개","90~119","0쌍","4종류","3개","2 · 1 · 1 · 1 · 1","40~44","합계 90~119 / 홀수 4 / 연속쌍 0","합계 90~119 / 홀수 4 / 22이하 3"
"1206","2026-01-10","1","3","17","26","27","42","15","116","41","4개","3개","90~119","1쌍","5종류","2개","2 · 1 · 2 · 0 · 1","40~44","합계 90~119 / 홀수 4 / 연속쌍 1","합계 90~119 / 홀수 4 / 22이하 3"
"1207","2026-01-17","10","22","24","27","38","45","17","166","35","2개","2개","150~179","0쌍","6종류","0개","1 · 0 · 3 · 1 · 1","30~39","합계 150~179 / 홀수 2 / 연속쌍 0","합계 150~179 / 홀수 2 / 22이하 2"
"1208","2026-01-24","6","27","30","36","38","42","6","179","36","1개","1개","150~179","0쌍","5종류","0개","1 · 0 · 2 · 2 · 1","30~39","합계 150~179 / 홀수 1 / 연속쌍 0","합계 150~179 / 홀수 1 / 22이하 1"
"1209","2026-01-31","2","17","20","35","37","39","22","150","37","4개","3개","150~179","0쌍","5종류","3개","1 · 2 · 0 · 3 · 0","30~39","합계 150~179 / 홀수 4 / 연속쌍 0","합계 150~179 / 홀수 4 / 22이하 3"
"1210","2026-02-07","1","7","9","17","27","38","24","99","37","5개","4개","90~119","0쌍","4종류","2개","3 · 1 · 1 · 1 · 0","30~39","합계 90~119 / 홀수 5 / 연속쌍 0","합계 90~119 / 홀수 5 / 22이하 4"
"1211","2026-02-14","23","26","27","35","38","40","14","189","17","3개","0개","180~255","1쌍","6종류","1개","0 · 0 · 3 · 3 · 0","0~19","합계 180~255 / 홀수 3 / 연속쌍 1","합계 180~255 / 홀수 3 / 22이하 0"
"1212","2026-02-21","5","8","25","31","41","44","12","154","39","4개","2개","150~179","0쌍","4종류","3개","2 · 0 · 1 · 1 · 2","30~39","합계 150~179 / 홀수 4 / 연속쌍 0","합계 150~179 / 홀수 4 / 22이하 2"
"1213","2026-02-28","5","11","25","27","36","38","18","142","33","4개","2개","120~149","0쌍","5종류","2개","1 · 1 · 2 · 2 · 0","30~39","합계 120~149 / 홀수 4 / 연속쌍 0","합계 120~149 / 홀수 4 / 22이하 2"
"1214","2026-03-07","10","15","19","27","30","33","12","134","23","4개","3개","120~149","0쌍","5종류","1개","1 · 2 · 2 · 1 · 0","20~29","합계 120~149 / 홀수 4 / 연속쌍 0","합계 120~149 / 홀수 4 / 22이하 3"
"1215","2026-03-14","13","15","19","21","44","45","16","157","32","5개","4개","150~179","1쌍","5종류","2개","0 · 3 · 1 · 0 · 2","30~39","합계 150~179 / 홀수 5 / 연속쌍 1","합계 150~179 / 홀수 5 / 22이하 4"
"1216","2026-03-21","3","10","14","15","23","24","14","89","21","3개","4개","21~89","2쌍","4종류","2개","2 · 2 · 2 · 0 · 0","20~29","합계 21~89 / 홀수 3 / 연속쌍 2","합계 21~89 / 홀수 3 / 22이하 4"
"1217","2026-03-28","8","10","15","20","29","31","14","113","23","3개","4개","90~119","0쌍","5종류","2개","2 · 2 · 1 · 1 · 0","20~29","합계 90~119 / 홀수 3 / 연속쌍 0","합계 90~119 / 홀수 3 / 22이하 4"
"1218","2026-04-04","3","28","31","32","42","45","18","181","42","3개","1개","180~255","1쌍","5종류","2개","1 · 0 · 1 · 2 · 2","40~44","합계 180~255 / 홀수 3 / 연속쌍 1","합계 180~255 / 홀수 3 / 22이하 1"
"1219","2026-04-11","1","2","15","28","39","45","12","130","44","4개","3개","120~149","1쌍","5종류","1개","2 · 1 · 1 · 1 · 1","40~44","합계 120~149 / 홀수 4 / 연속쌍 1","합계 120~149 / 홀수 4 / 22이하 3"
"1220","2026-04-18","2","22","25","28","34","43","14","154","41","2개","2개","150~179","0쌍","5종류","2개","1 · 0 · 3 · 1 · 1","40~44","합계 150~179 / 홀수 2 / 연속쌍 0","합계 150~179 / 홀수 2 / 22이하 2"
"1221","2026-04-25","6","13","18","28","30","36","16","131","30","1개","3개","120~149","0쌍","4종류","1개","1 · 2 · 2 · 1 · 0","30~39","합계 120~149 / 홀수 1 / 연속쌍 0","합계 120~149 / 홀수 1 / 22이하 3"
"1222","2026-05-02","4","11","17","22","32","41","24","127","37","3개","4개","120~149","0쌍","4종류","3개","1 · 2 · 1 · 1 · 1","30~39","합계 120~149 / 홀수 3 / 연속쌍 0","합계 120~149 / 홀수 3 / 22이하 4"
"1223","2026-05-09","16","18","20","32","33","39","16","158","23","2개","3개","150~179","1쌍","6종류","0개","0 · 3 · 0 · 3 · 0","20~29","합계 150~179 / 홀수 2 / 연속쌍 1","합계 150~179 / 홀수 2 / 22이하 3"
"1224","2026-05-16","9","18","21","27","44","45","12","164","36","4개","3개","150~179","1쌍","6종류","0개","1 · 1 · 2 · 0 · 2","30~39","합계 150~179 / 홀수 4 / 연속쌍 1","합계 150~179 / 홀수 4 / 22이하 3"
"1225","2026-05-23","8","9","19","25","41","42","13","144","34","4개","3개","120~149","2쌍","5종류","2개","2 · 1 · 1 · 0 · 2","30~39","합계 120~149 / 홀수 4 / 연속쌍 2","합계 120~149 / 홀수 4 / 22이하 3"
"1226","2026-05-30","4","6","13","17","26","28","10","94","24","2개","4개","90~119","0쌍","5종류","2개","2 · 2 · 2 · 0 · 0","20~29","합계 90~119 / 홀수 2 / 연속쌍 0","합계 90~119 / 홀수 2 / 22이하 4"
"1227","2026-06-06","1","14","16","34","41","44","11","150","43","2개","3개","150~179","0쌍","3종류","1개","1 · 2 · 0 · 1 · 2","40~44","합계 150~179 / 홀수 2 / 연속쌍 0","합계 150~179 / 홀수 2 / 22이하 3"
"1228","2026-06-13","24","29","30","31","35","44","11","193","20","3개","0개","180~255","2쌍","5종류","2개","0 · 0 · 3 · 2 · 1","20~29","합계 180~255 / 홀수 3 / 연속쌍 2","합계 180~255 / 홀수 3 / 22이하 0"
"1229","2026-06-20","12","13","29","34","37","42","8","167","30","3개","2개","150~179","1쌍","5종류","3개","0 · 2 · 1 · 2 · 1","30~39","합계 150~179 / 홀수 3 / 연속쌍 1","합계 150~179 / 홀수 3 / 22이하 2"
"1230","2026-06-27","3","8","9","22","28","42","16","112","39","2개","4개","90~119","1쌍","4종류","1개","3 · 0 · 2 · 0 · 1","30~39","합계 90~119 / 홀수 2 / 연속쌍 1","합계 90~119 / 홀수 2 / 22이하 4"
"1231","2026-07-04","4","13","14","18","31","38","17","118","34","2개","4개","90~119","1쌍","4종류","2개","1 · 3 · 0 · 2 · 0","30~39","합계 90~119 / 홀수 2 / 연속쌍 1","합계 90~119 / 홀수 2 / 22이하 4"
"1232","2026-07-11","12","15","19","22","24","36","11","128","24","2개","4개","120~149","0쌍","5종류","1개","0 · 3 · 2 · 1 · 0","20~29","합계 120~149 / 홀수 2 / 연속쌍 0","합계 120~149 / 홀수 2 / 22이하 4"
"1233","2026-07-18","2","7","20","25","37","40","31","131","38","3개","3개","120~149","0쌍","4종류","3개","2 · 1 · 1 · 2 · 0","30~39","합계 120~149 / 홀수 3 / 연속쌍 0","합계 120~149 / 홀수 3 / 22이하 3"
"1234","2026-07-25","1","15","19","31","35","43","18","144","42","6개","3개","120~149","0쌍","4종류","3개","1 · 2 · 0 · 2 · 1","40~44","합계 120~149 / 홀수 6 / 연속쌍 0","합계 120~149 / 홀수 6 / 22이하 3"
"1235","2026-08-01","6","7","11","15","39","43","9","121","37","5개","4개","120~149","1쌍","6종류","3개","2 · 2 · 0 · 1 · 1","30~39","합계 120~149 / 홀수 5 / 연속쌍 1","합계 120~149 / 홀수 5 / 22이하 4"
"1236","2026-08-08","12","18","21","29","34","38","11","152","26","2개","3개","150~179","0쌍","5종류","1개","0 · 2 · 2 · 2 · 0","20~29","합계 150~179 / 홀수 2 / 연속쌍 0","합계 150~179 / 홀수 2 / 22이하 3"
"1237","2026-08-15","10","20","23","34","37","40","23","164","30","2개","2개","150~179","0쌍","4종류","2개","1 · 1 · 1 · 3 · 0","30~39","합계 150~179 / 홀수 2 / 연속쌍 0","합계 150~179 / 홀수 2 / 22이하 2"
"1238","2026-08-22","2","13","18","32","38","42","23","145","40","1개","3개","120~149","0쌍","3종류","2개","1 · 2 · 0 · 2 · 1","40~44","합계 120~149 / 홀수 1 / 연속쌍 0","합계 120~149 / 홀수 1 / 22이하 3"
"1239","2026-08-29","11","13","22","32","33","36","13","147","25","3개","3개","120~149","1쌍","4종류","2개","0 · 2 · 1 · 3 · 0","20~29","합계 120~149 / 홀수 3 / 연속쌍 1","합계 120~149 / 홀수 3 / 22이하 3"
"1240","2026-09-05","11","13","19","20","31","44","16","138","33","4개","4개","120~149","1쌍","5종류","4개","0 · 4 · 0 · 1 · 1","30~39","합계 120~149 / 홀수 4 / 연속쌍 1","합계 120~149 / 홀수 4 / 22이하 4"
"1241","2026-09-12","7","13","16","23","24","43","18","126","36","4개","3개","120~149","1쌍","4종류","4개","1 · 2 · 2 · 0 · 1","30~39","합계 120~149 / 홀수 4 / 연속쌍 1","합계 120~149 / 홀수 4 / 22이하 3"
